city,date,temp,o3,dewpoint,pm10,season,yday,month,month_numeric,year
chic,1997-01-01,36,5.659256204,37.5,13.05226827,Winter,1,Jan,1,1997
chic,1997-01-02,45,5.525416704,47.25,41.94860022,Winter,2,Jan,1,1997
chic,1997-01-03,40,6.288547904,38,27.04175091,Winter,3,Jan,1,1997
chic,1997-01-04,51.5,7.537758024,45.5,25.07257296,Winter,4,Jan,1,1997
chic,1997-01-05,27,20.76079764,11.25,15.34312077,Winter,5,Jan,1,1997
chic,1997-01-06,17,14.94087424,5.75,9.36465498,Winter,6,Jan,1,1997
chic,1997-01-07,16,11.92098546,7,20.22842783,Winter,7,Jan,1,1997
chic,1997-01-08,19,8.678477254,17.75,33.13481929,Winter,8,Jan,1,1997
chic,1997-01-09,26,13.35589185,24,12.11838093,Winter,9,Jan,1,1997
chic,1997-01-10,16,10.44826392,5.375,24.76153415,Winter,10,Jan,1,1997
chic,1997-01-11,1.5,15.86609374,-6.625,18.12615098,Winter,11,Jan,1,1997
chic,1997-01-12,1,15.11528954,-8.875,16.01376956,Winter,12,Jan,1,1997
chic,1997-01-13,3,9.381068454,1.5,34.99107867,Winter,13,Jan,1,1997
chic,1997-01-14,10,8.029507614,11.5,64.94540283,Winter,14,Jan,1,1997
chic,1997-01-15,19,7.066110664,23.25,26.94195522,Winter,15,Jan,1,1997
chic,1997-01-16,9.5,20.11302317,-9.75,27.02290581,Winter,16,Jan,1,1997
chic,1997-01-17,-3,15.36389807,-10.375,18.837025,Winter,17,Jan,1,1997
chic,1997-01-18,0,12.71322334,-4.125,31.85973969,Winter,18,Jan,1,1997
chic,1997-01-19,14,9.616132624,22.625,30.92316755,Winter,19,Jan,1,1997
chic,1997-01-20,31,16.84036922,27.25,19.89456552,Winter,20,Jan,1,1997
chic,1997-01-21,35,12.75867647,41.625,27.88201718,Winter,21,Jan,1,1997
chic,1997-01-22,36.5,21.02421345,20.75,18.50876229,Winter,22,Jan,1,1997
chic,1997-01-23,26,18.66507227,18.75,11.84569754,Winter,23,Jan,1,1997
chic,1997-01-24,32,7.131937874,29.5,26.68734618,Winter,24,Jan,1,1997
chic,1997-01-25,14.5,17.16786113,-1.375,16.61282475,Winter,25,Jan,1,1997
chic,1997-01-26,11,9.960118444,17.125,21.64145522,Winter,26,Jan,1,1997
chic,1997-01-27,17,9.167350094,8.375,22.67249763,Winter,27,Jan,1,1997
chic,1997-01-28,2,13.61396724,-6.375,28.10117958,Winter,28,Jan,1,1997
chic,1997-01-29,8,7.945009134,11,51.77660722,Winter,29,Jan,1,1997
chic,1997-01-30,16.5,7.660618854,16.375,48.74146151,Winter,30,Jan,1,1997
chic,1997-01-31,31.5,11.88260771,33.75,24.68632857,Winter,31,Jan,1,1997
chic,1997-02-01,35,16.67618192,29.66666667,23.78494307,Winter,32,Feb,2,1997
chic,1997-02-02,36.5,12.03236807,29.625,27.76214986,Winter,33,Feb,2,1997
chic,1997-02-03,30,21.84955884,28,21.60092806,Winter,34,Feb,2,1997
chic,1997-02-04,34.5,10.88754905,32,17.05089956,Winter,35,Feb,2,1997
chic,1997-02-05,30,14.89403055,24.25,10.15774888,Winter,36,Feb,2,1997
chic,1997-02-06,26,15.95782395,21.875,15.94308573,Winter,37,Feb,2,1997
chic,1997-02-07,25.5,14.39124306,23.375,33.01070351,Winter,38,Feb,2,1997
chic,1997-02-08,25.5,19.74964468,22.5,14.95590898,Winter,39,Feb,2,1997
chic,1997-02-09,26,12.39763533,21,30.41044863,Winter,40,Feb,2,1997
chic,1997-02-10,27,14.19356203,21.75,23.9148131,Winter,41,Feb,2,1997
chic,1997-02-11,23.5,20.492388,19.5,22.97234734,Winter,42,Feb,2,1997
chic,1997-02-12,21,23.09199333,11.6,12.71233618,Winter,43,Feb,2,1997
chic,1997-02-13,20.5,20.17100535,16.375,22.71983618,Winter,44,Feb,2,1997
chic,1997-02-14,25.5,15.45323965,23,35.67600056,Winter,45,Feb,2,1997
chic,1997-02-15,20,19.52666144,15.25,28.37307563,Winter,46,Feb,2,1997
chic,1997-02-16,18.5,20.01923367,8.125,15.66242989,Winter,47,Feb,2,1997
chic,1997-02-17,30,17.29756199,32.625,38.74484747,Winter,48,Feb,2,1997
chic,1997-02-18,48.5,27.01327545,41.375,27.59716612,Winter,49,Feb,2,1997
chic,1997-02-19,37.5,19.05543624,27.5,17.61221142,Winter,50,Feb,2,1997
chic,1997-02-20,35.5,6.890251524,44.125,29.76880483,Winter,51,Feb,2,1997
chic,1997-02-21,36,16.31360999,29.625,7.340320898,Winter,52,Feb,2,1997
chic,1997-02-22,26,23.01585331,24.25,7.856716918,Winter,53,Feb,2,1997
chic,1997-02-23,28,24.99031832,14.625,7.908914718,Winter,54,Feb,2,1997
chic,1997-02-24,21.5,18.93931778,10.875,17.83435014,Winter,55,Feb,2,1997
chic,1997-02-25,25.5,12.52624267,27.125,41.12401186,Winter,56,Feb,2,1997
chic,1997-02-26,36.5,7.962752864,35,34.05258329,Winter,57,Feb,2,1997
chic,1997-02-27,34.5,13.19415263,30.25,19.74934995,Winter,58,Feb,2,1997
chic,1997-02-28,37.5,15.17861423,36,26.12675911,Winter,59,Feb,2,1997
chic,1997-03-01,45.5,13.86071666,44,28.12950637,Winter,60,Mar,3,1997
chic,1997-03-02,35,30.99234906,27.375,9.940940378,Winter,61,Mar,3,1997
chic,1997-03-03,33.5,29.26085194,29.375,15.98096999,Winter,62,Mar,3,1997
chic,1997-03-04,38,15.41387477,28.875,26.03316779,Winter,63,Mar,3,1997
chic,1997-03-05,33,17.79051647,28.625,31.42414209,Winter,64,Mar,3,1997
chic,1997-03-06,26.5,25.03466454,13.375,26.50844252,Winter,65,Mar,3,1997
chic,1997-03-07,35.5,18.00431447,35.25,30.58811285,Winter,66,Mar,3,1997
chic,1997-03-08,39,30.11222704,28.25,16.23496274,Winter,67,Mar,3,1997
chic,1997-03-09,37,15.17862197,32.625,21.20923471,Winter,68,Mar,3,1997
chic,1997-03-10,44,20.22995016,33.25,26.32461932,Winter,69,Mar,3,1997
chic,1997-03-11,37,29.97592522,23.375,20.13270298,Winter,70,Mar,3,1997
chic,1997-03-12,33.5,30.81373449,25,20.43450943,Winter,71,Mar,3,1997
chic,1997-03-13,37.5,28.38702037,30.5,22.48395998,Winter,72,Mar,3,1997
chic,1997-03-14,26.5,24.61562249,15.5,18.57903562,Winter,73,Mar,3,1997
chic,1997-03-15,19,30.73847129,8.375,8.03033619,Winter,74,Mar,3,1997
chic,1997-03-16,24.5,26.62160968,23.75,16.93418234,Winter,75,Mar,3,1997
chic,1997-03-17,45,22.21636296,33.625,31.8663052,Winter,76,Mar,3,1997
chic,1997-03-18,33.5,40.20470785,27,18.60451201,Winter,77,Mar,3,1997
chic,1997-03-19,35.5,28.49454298,28.875,23.5880285,Winter,78,Mar,3,1997
chic,1997-03-20,46,24.94827561,31.875,31.50980485,Winter,79,Mar,3,1997
chic,1997-03-21,53.5,17.99599573,42.5,58.49676383,Winter,80,Mar,3,1997
chic,1997-03-22,37.5,27.96154844,28.625,18.60940119,Winter,81,Mar,3,1997
chic,1997-03-23,32.5,24.76784887,20.375,15.13375942,Winter,82,Mar,3,1997
chic,1997-03-24,33,18.61572676,32.375,26.64236823,Winter,83,Mar,3,1997
chic,1997-03-25,40.5,14.80005212,30,22.71654405,Winter,84,Mar,3,1997
chic,1997-03-26,44,20.56261571,36.75,21.77022546,Winter,85,Mar,3,1997
chic,1997-03-27,60.5,24.37719067,40.125,46.7639458,Winter,86,Mar,3,1997
chic,1997-03-28,55.5,10.87255405,53.875,46.79966009,Winter,87,Mar,3,1997
chic,1997-03-29,43.5,14.85052893,41,22.01639466,Winter,88,Mar,3,1997
chic,1997-03-30,37.5,23.4912074,33.75,8.76669305,Winter,89,Mar,3,1997
chic,1997-03-31,38.5,25.24378878,22,19.66229745,Winter,90,Mar,3,1997
chic,1997-04-01,44.5,14.05863838,28.125,59.72323797,Spring,91,Apr,4,1997
chic,1997-04-02,53,11.67148601,29.875,61.74029149,Spring,92,Apr,4,1997
chic,1997-04-03,59.5,10.74764575,49.875,42.61941237,Spring,93,Apr,4,1997
chic,1997-04-04,62.5,28.97011933,48.25,50.95457935,Spring,94,Apr,4,1997
chic,1997-04-05,60.5,26.12551739,54.375,18.4023794,Spring,95,Apr,4,1997
chic,1997-04-06,45,26.7899782,21.75,30.38314863,Spring,96,Apr,4,1997
chic,1997-04-07,34,25.26395543,18.375,20.16241948,Spring,97,Apr,4,1997
chic,1997-04-08,28.5,20.04180523,9.25,12.21309834,Spring,98,Apr,4,1997
chic,1997-04-09,30,20.74389095,18.875,13.04276867,Spring,99,Apr,4,1997
chic,1997-04-10,30.5,20.50140804,22,25.16890125,Spring,100,Apr,4,1997
chic,1997-04-11,33.5,23.50232563,32,19.92188955,Spring,101,Apr,4,1997
chic,1997-04-12,33.5,20.76591495,30.375,12.02903241,Spring,102,Apr,4,1997
chic,1997-04-13,38.5,26.70238568,24.625,10.22229064,Spring,103,Apr,4,1997
chic,1997-04-14,41.5,16.60310949,28.125,50.13272956,Spring,104,Apr,4,1997
chic,1997-04-15,49,26.20475965,36.25,74.14921308,Spring,105,Apr,4,1997
chic,1997-04-16,43,20.30031871,25.625,24.42976372,Spring,106,Apr,4,1997
chic,1997-04-17,40.5,17.01137552,25.75,12.26734494,Spring,107,Apr,4,1997
chic,1997-04-18,40,11.74001894,34.75,39.2700922,Spring,108,Apr,4,1997
chic,1997-04-19,45.5,22.37599898,30.875,32.28045661,Spring,109,Apr,4,1997
chic,1997-04-20,49,22.08988359,42.25,30.36037903,Spring,110,Apr,4,1997
chic,1997-04-21,45,32.80754296,31,16.40982958,Spring,111,Apr,4,1997
chic,1997-04-22,43,28.00670944,33.625,14.83384899,Spring,112,Apr,4,1997
chic,1997-04-23,48.5,25.38695006,34,5.566422982,Spring,113,Apr,4,1997
chic,1997-04-24,47.5,21.56716872,36.5,7.478510892,Spring,114,Apr,4,1997
chic,1997-04-25,48,23.19473452,27.75,22.48867942,Spring,115,Apr,4,1997
chic,1997-04-26,49.5,21.30419855,24.25,35.48833582,Spring,116,Apr,4,1997
chic,1997-04-27,47.5,27.47591902,40.25,23.56800615,Spring,117,Apr,4,1997
chic,1997-04-28,50.5,18.50701151,40.75,61.23384248,Spring,118,Apr,4,1997
chic,1997-04-29,60,33.2854148,45.25,91.57350065,Spring,119,Apr,4,1997
chic,1997-04-30,55,22.81656658,50,47.56251164,Spring,120,Apr,4,1997
chic,1997-05-01,48.5,18.89285702,36.875,15.56162372,Spring,121,May,5,1997
chic,1997-05-02,48.5,8.900922509,45.5,31.59235891,Spring,122,May,5,1997
chic,1997-05-03,49,20.43545892,40.375,11.61708419,Spring,123,May,5,1997
chic,1997-05-04,51.5,28.13336358,33.25,19.24785854,Spring,124,May,5,1997
chic,1997-05-05,62,28.53284903,38.875,77.69126001,Spring,125,May,5,1997
chic,1997-05-06,55.5,21.80871968,35,24.78191935,Spring,126,May,5,1997
chic,1997-05-07,52.5,19.11842857,49.25,37.67473475,Spring,127,May,5,1997
chic,1997-05-08,61,27.42395907,42.75,26.67673217,Spring,128,May,5,1997
chic,1997-05-09,50.5,20.023251,36,12.68772118,Spring,129,May,5,1997
chic,1997-05-10,52.5,20.49802109,32.625,27.26056369,Spring,130,May,5,1997
chic,1997-05-11,59.5,25.81095989,43.875,26.69046843,Spring,131,May,5,1997
chic,1997-05-12,52.5,24.83249769,32.5,29.66574316,Spring,132,May,5,1997
chic,1997-05-13,45.5,16.76821907,38.75,22.80688708,Spring,133,May,5,1997
chic,1997-05-14,49.5,10.96171517,40.625,32.77959117,Spring,134,May,5,1997
chic,1997-05-15,45,12.31652263,35.5,7.752118646,Spring,135,May,5,1997
chic,1997-05-16,51,20.18138636,41.375,35.03828883,Spring,136,May,5,1997
chic,1997-05-17,50.5,27.88489814,38.25,19.84552524,Spring,137,May,5,1997
chic,1997-05-18,59.5,23.01753568,63.875,33.90871205,Spring,138,May,5,1997
chic,1997-05-19,54,17.89384996,42.375,20.94567071,Spring,139,May,5,1997
chic,1997-05-20,51.5,16.30150301,38.125,25.94884988,Spring,140,May,5,1997
chic,1997-05-21,48,18.67138209,34.375,10.89939933,Spring,141,May,5,1997
chic,1997-05-22,50.5,18.6941004,34.625,29.99117744,Spring,142,May,5,1997
chic,1997-05-23,58,23.62915606,40.75,35.80324548,Spring,143,May,5,1997
chic,1997-05-24,68.5,38.76134299,56.125,61.78401471,Spring,144,May,5,1997
chic,1997-05-25,50,35.7988368,44.5,21.84118037,Spring,145,May,5,1997
chic,1997-05-26,50,30.91117846,35.875,4.851112866,Spring,146,May,5,1997
chic,1997-05-27,56,28.03759129,39.375,25.73572826,Spring,147,May,5,1997
chic,1997-05-28,58.5,18.69626344,56.875,30.25673707,Spring,148,May,5,1997
chic,1997-05-29,58,15.66312397,50.75,21.70550847,Spring,149,May,5,1997
chic,1997-05-30,61,26.72116821,51.75,25.70825573,Spring,150,May,5,1997
chic,1997-05-31,59,35.43555014,53.375,20.62926298,Spring,151,May,5,1997
chic,1997-06-01,60.5,42.33315422,51.25,15.52251351,Spring,152,Jun,6,1997
chic,1997-06-02,58,28.20088794,54.5,17.54998603,Spring,153,Jun,6,1997
chic,1997-06-03,61.5,28.8544356,52.625,25.80557555,Spring,154,Jun,6,1997
chic,1997-06-04,59,28.57703899,47.5,28.52526076,Spring,155,Jun,6,1997
chic,1997-06-05,62,29.24053355,56,47.60767834,Spring,156,Jun,6,1997
chic,1997-06-06,63.5,22.36521984,58.75,47.64119932,Spring,157,Jun,6,1997
chic,1997-06-07,58.5,19.64381105,55.375,14.57238312,Spring,158,Jun,6,1997
chic,1997-06-08,61,39.02341895,48.625,19.5971084,Spring,159,Jun,6,1997
chic,1997-06-09,62.5,39.50885581,51.75,34.11960569,Spring,160,Jun,6,1997
chic,1997-06-10,66.5,39.04671332,53.875,47.52567983,Spring,161,Jun,6,1997
chic,1997-06-11,67.5,18.85131536,63.125,54.62458093,Spring,162,Jun,6,1997
chic,1997-06-12,70,18.51191443,63.625,56.74834218,Spring,163,Jun,6,1997
chic,1997-06-13,71,27.04394593,52,39.74552947,Spring,164,Jun,6,1997
chic,1997-06-14,56.5,19.26282337,41.875,8.809167687,Spring,165,Jun,6,1997
chic,1997-06-15,63,33.15908871,59.75,32.28022902,Spring,166,Jun,6,1997
chic,1997-06-16,67,30.47585314,53.375,23.8021978,Spring,167,Jun,6,1997
chic,1997-06-17,60.5,21.37586282,50.375,23.75153523,Spring,168,Jun,6,1997
chic,1997-06-18,67,29.43385997,61.125,48.67247253,Spring,169,Jun,6,1997
chic,1997-06-19,70,30.16635834,65.875,56.83851648,Spring,170,Jun,6,1997
chic,1997-06-20,81.5,38.25061045,72.875,74.78357143,Spring,171,Jun,6,1997
chic,1997-06-21,75.5,28.10864899,64.75,26.78456998,Spring,172,Jun,6,1997
chic,1997-06-22,77,35.9279615,66.875,21.04739011,Spring,173,Jun,6,1997
chic,1997-06-23,82.5,27.36394428,69.625,68.20145546,Spring,174,Jun,6,1997
chic,1997-06-24,84,30.20083455,60,123.4337673,Spring,175,Jun,6,1997
chic,1997-06-25,78,27.64699996,62.75,37.51510989,Spring,176,Jun,6,1997
chic,1997-06-26,73.5,28.02588001,55.25,25.67615995,Spring,177,Jun,6,1997
chic,1997-06-27,72.5,29.83663336,59,43.90843721,Spring,178,Jun,6,1997
chic,1997-06-28,74,44.34379213,62,46.72835775,Spring,179,Jun,6,1997
chic,1997-06-29,75,54.68763863,65.25,60.94193307,Spring,180,Jun,6,1997
chic,1997-06-30,76,18.07734141,69.25,34.94700358,Spring,181,Jun,6,1997
chic,1997-07-01,77.5,36.37921409,68.625,45.98551449,Summer,182,Jul,7,1997
chic,1997-07-02,79.5,28.56051276,55.75,58.03069895,Summer,183,Jul,7,1997
chic,1997-07-03,68.5,16.66064783,54.25,23.39484776,Summer,184,Jul,7,1997
chic,1997-07-04,61.5,9.148545689,51.875,10.0334462,Summer,185,Jul,7,1997
chic,1997-07-05,65.5,19.71197288,50.75,15.04443521,Summer,186,Jul,7,1997
chic,1997-07-06,70,30.27881577,57.75,18.20100733,Summer,187,Jul,7,1997
chic,1997-07-07,65.5,25.31450384,52.5,21.04737414,Summer,188,Jul,7,1997
chic,1997-07-08,71,28.16231609,58,38.97594557,Summer,189,Jul,7,1997
chic,1997-07-09,62,26.4205167,50.75,14.95504818,Summer,190,Jul,7,1997
chic,1997-07-10,64.5,23.31584029,51,26.05597917,Summer,191,Jul,7,1997
chic,1997-07-11,68.5,32.42718916,59.125,41.05873399,Summer,192,Jul,7,1997
chic,1997-07-12,74.5,46.69061387,63.5,58.09618034,Summer,193,Jul,7,1997
chic,1997-07-13,82.5,37.22932166,71.75,58.13830347,Summer,194,Jul,7,1997
chic,1997-07-14,83,26.18792133,62.375,41.11901972,Summer,195,Jul,7,1997
chic,1997-07-15,79,22.93871501,64.25,28.35494181,Summer,196,Jul,7,1997
chic,1997-07-16,82.5,30.36439377,59.875,39.1823806,Summer,197,Jul,7,1997
chic,1997-07-17,84,42.00033433,68.625,58.19064507,Summer,198,Jul,7,1997
chic,1997-07-18,79,19.02179944,69.125,55.12382693,Summer,199,Jul,7,1997
chic,1997-07-19,74.5,28.45890074,60.625,21.16678063,Summer,200,Jul,7,1997
chic,1997-07-20,76.5,34.59199171,71.625,38.16678063,Summer,201,Jul,7,1997
chic,1997-07-21,72,29.58039859,65.125,26.73552063,Summer,202,Jul,7,1997
chic,1997-07-22,69,26.28534047,64.375,21.05658779,Summer,203,Jul,7,1997
chic,1997-07-23,69,29.61991705,59.75,25.04556851,Summer,204,Jul,7,1997
chic,1997-07-24,72.5,37.00045768,64.75,43.13986392,Summer,205,Jul,7,1997
chic,1997-07-25,76,35.52402097,75.75,78.24489397,Summer,206,Jul,7,1997
chic,1997-07-26,85.5,41.66751042,73.375,58.21459094,Summer,207,Jul,7,1997
chic,1997-07-27,81.5,25.68916314,73.75,35.0229595,Summer,208,Jul,7,1997
chic,1997-07-28,74.5,19.17150132,57.375,16.15949453,Summer,209,Jul,7,1997
chic,1997-07-29,66.5,18.64487127,50.875,5.145720416,Summer,210,Jul,7,1997
chic,1997-07-30,68.5,19.5914067,52.375,14.10035752,Summer,211,Jul,7,1997
chic,1997-07-31,69,23.83301613,56.25,36.16699981,Summer,212,Jul,7,1997
chic,1997-08-01,74.5,39.65390007,58.875,70.26341854,Summer,213,Aug,8,1997
chic,1997-08-02,81.5,42.10156086,59.375,47.40720392,Summer,214,Aug,8,1997
chic,1997-08-03,78,35.46826666,66.5,34.25239926,Summer,215,Aug,8,1997
chic,1997-08-04,71,19.79762394,57.75,13.29647639,Summer,216,Aug,8,1997
chic,1997-08-05,62.5,18.19914837,45.875,9.565040117,Summer,217,Aug,8,1997
chic,1997-08-06,64.5,13.84084064,54,28.23201198,Summer,218,Aug,8,1997
chic,1997-08-07,67,24.37385827,55.5,45.25680537,Summer,219,Aug,8,1997
chic,1997-08-08,69.5,33.01657675,52.875,45.72722817,Summer,220,Aug,8,1997
chic,1997-08-09,70.5,24.20483379,66,41.3008825,Summer,221,Aug,8,1997
chic,1997-08-10,75.5,23.53685707,65.5,42.28435358,Summer,222,Aug,8,1997
chic,1997-08-11,67.5,14.07665133,62.125,12.10002235,Summer,223,Aug,8,1997
chic,1997-08-12,69.5,4.018490079,67.875,26.56965533,Summer,224,Aug,8,1997
chic,1997-08-13,68.5,16.34695586,58.75,17.55588122,Summer,225,Aug,8,1997
chic,1997-08-14,65.5,18.40566495,63.125,28.2279563,Summer,226,Aug,8,1997
chic,1997-08-15,77,19.53726264,70,38.55037158,Summer,227,Aug,8,1997
chic,1997-08-16,80,30.21310117,69.875,36.57241015,Summer,228,Aug,8,1997
chic,1997-08-17,68.5,20.55584142,64,NA,Summer,229,Aug,8,1997
chic,1997-08-18,63.5,15.74373226,54.375,4.528333008,Summer,230,Aug,8,1997
chic,1997-08-19,64,14.42364565,60,24.60822282,Summer,231,Aug,8,1997
chic,1997-08-20,67,13.59348437,59.375,28.25433275,Summer,232,Aug,8,1997
chic,1997-08-21,63.5,16.27254784,52.875,11.6137629,Summer,233,Aug,8,1997
chic,1997-08-22,64,10.488212,54.875,20.65243694,Summer,234,Aug,8,1997
chic,1997-08-23,65.5,15.64718471,57.75,25.11712128,Summer,235,Aug,8,1997
chic,1997-08-24,70.5,26.38495859,62.75,18.25164246,Summer,236,Aug,8,1997
chic,1997-08-25,65.5,25.59353579,59.5,24.19915628,Summer,237,Aug,8,1997
chic,1997-08-26,69,16.18665473,68.75,45.4149698,Summer,238,Aug,8,1997
chic,1997-08-27,77,14.06976526,67.5,47.16048225,Summer,239,Aug,8,1997
chic,1997-08-28,68.5,17.52169962,58.125,14.16048224,Summer,240,Aug,8,1997
chic,1997-08-29,67,16.1954538,58.875,25.39656937,Summer,241,Aug,8,1997
chic,1997-08-30,65,16.30556035,68.125,40.24996467,Summer,242,Aug,8,1997
chic,1997-08-31,72,26.51990419,62.125,17.31902544,Summer,243,Aug,8,1997
chic,1997-09-01,70.5,24.3715135,65.875,29.69624619,Summer,244,Sep,9,1997
chic,1997-09-02,68,10.78914157,51.75,34.34941218,Summer,245,Sep,9,1997
chic,1997-09-03,58.5,15.16591743,47.125,4.393611078,Summer,246,Sep,9,1997
chic,1997-09-04,59,13.7159208,44.875,28.45127174,Summer,247,Sep,9,1997
chic,1997-09-05,60.5,14.11582078,51,54.48829607,Summer,248,Sep,9,1997
chic,1997-09-06,74.5,30.04226489,64.75,39.50487066,Summer,249,Sep,9,1997
chic,1997-09-07,66,21.21907818,60.125,20.35094288,Summer,250,Sep,9,1997
chic,1997-09-08,67.5,16.87984616,62.875,20.53801983,Summer,251,Sep,9,1997
chic,1997-09-09,68.5,18.35755483,60.375,30.57945629,Summer,252,Sep,9,1997
chic,1997-09-10,64.5,12.45601939,55.375,13.97688388,Summer,253,Sep,9,1997
chic,1997-09-11,61.5,6.786060829,53.75,20.08841706,Summer,254,Sep,9,1997
chic,1997-09-12,61.5,10.38699963,52.75,28.02211872,Summer,255,Sep,9,1997
chic,1997-09-13,63.5,18.2208076,58.625,41.32348389,Summer,256,Sep,9,1997
chic,1997-09-14,69,31.19623911,62.375,48.03593088,Summer,257,Sep,9,1997
chic,1997-09-15,69.5,32.22166843,65.375,80.03316844,Summer,258,Sep,9,1997
chic,1997-09-16,74.5,36.32778426,68.875,81.07067052,Summer,259,Sep,9,1997
chic,1997-09-17,70,13.70060683,50.875,19.21625231,Summer,260,Sep,9,1997
chic,1997-09-18,69,19.05174989,50.375,94.28255065,Summer,261,Sep,9,1997
chic,1997-09-19,73,21.44721551,67.875,35.30382545,Summer,262,Sep,9,1997
chic,1997-09-20,58.5,13.76856933,48.5,7.531169427,Summer,263,Sep,9,1997
chic,1997-09-21,57,8.278728699,46.125,11.56984347,Summer,264,Sep,9,1997
chic,1997-09-22,57.5,4.054641319,51.875,34.90229601,Summer,265,Sep,9,1997
chic,1997-09-23,59,9.708390849,46.375,14.93434944,Summer,266,Sep,9,1997
chic,1997-09-24,56.5,7.514597849,47.375,29.9039627,Summer,267,Sep,9,1997
chic,1997-09-25,66,14.73798366,55.125,28.37999078,Summer,268,Sep,9,1997
chic,1997-09-26,60,14.18373664,51.125,19.57799585,Summer,269,Sep,9,1997
chic,1997-09-27,62.5,17.0439295,54.125,29.67468093,Summer,270,Sep,9,1997
chic,1997-09-28,64,13.62840434,48,22.82900617,Summer,271,Sep,9,1997
chic,1997-09-29,65,15.95539053,44.125,56.58147845,Summer,272,Sep,9,1997
chic,1997-09-30,59.5,8.791206069,47,17.57042873,Summer,273,Sep,9,1997
chic,1997-10-01,52,14.16913601,42.5,18.30753249,Autumn,274,Oct,10,1997
chic,1997-10-02,61,12.85086137,51.875,75.84943425,Autumn,275,Oct,10,1997
chic,1997-10-03,73,28.50312949,60.75,87.9433569,Autumn,276,Oct,10,1997
chic,1997-10-04,68,17.99393647,55.75,44.23844528,Autumn,277,Oct,10,1997
chic,1997-10-05,70,27.43599159,54.875,50.91796116,Autumn,278,Oct,10,1997
chic,1997-10-06,70.5,19.70011993,56.375,85.92901088,Autumn,279,Oct,10,1997
chic,1997-10-07,73.5,17.62025607,58.875,54.18717226,Autumn,280,Oct,10,1997
chic,1997-10-08,72.5,29.71689146,60.375,71.85442524,Autumn,281,Oct,10,1997
chic,1997-10-09,64,15.05132247,44.75,39.87652469,Autumn,282,Oct,10,1997
chic,1997-10-10,59,8.025645254,47.25,42.08855497,Autumn,283,Oct,10,1997
chic,1997-10-11,61.5,16.91867277,44.25,27.04250182,Autumn,284,Oct,10,1997
chic,1997-10-12,70,29.92110121,56.125,33.97896591,Autumn,285,Oct,10,1997
chic,1997-10-13,59.5,12.43818877,39.375,20.59545715,Autumn,286,Oct,10,1997
chic,1997-10-14,42.5,7.684962749,30.25,15.97344104,Autumn,287,Oct,10,1997
chic,1997-10-15,42.5,3.282740287,36.75,42.06183884,Autumn,288,Oct,10,1997
chic,1997-10-16,47.5,7.979999744,38.5,45.19310819,Autumn,289,Oct,10,1997
chic,1997-10-17,45.5,6.096835984,39.25,44.98311384,Autumn,290,Oct,10,1997
chic,1997-10-18,44.5,6.383835484,36.375,49.99140113,Autumn,291,Oct,10,1997
chic,1997-10-19,50,13.70280634,45.25,36.0480655,Autumn,292,Oct,10,1997
chic,1997-10-20,45.5,5.898247614,32.625,15.99140113,Autumn,293,Oct,10,1997
chic,1997-10-21,42.5,9.551619484,20.625,15.97206412,Autumn,294,Oct,10,1997
chic,1997-10-22,36,11.69927403,23.5,26.3796492,Autumn,295,Oct,10,1997
chic,1997-10-23,44.5,2.980506134,31.25,47.53823933,Autumn,296,Oct,10,1997
chic,1997-10-24,46,0.085841944,44.375,35.43879181,Autumn,297,Oct,10,1997
chic,1997-10-25,47,14.7552341,37.875,22.02964685,Autumn,298,Oct,10,1997
chic,1997-10-26,40,21.23241348,36,4.444316674,Autumn,299,Oct,10,1997
chic,1997-10-27,32.5,11.21288774,25.57142857,12.49404043,Autumn,300,Oct,10,1997
chic,1997-10-28,39,4.553954792,36.125,40.24102977,Autumn,301,Oct,10,1997
chic,1997-10-29,44,2.4276765,36,49.59215942,Autumn,302,Oct,10,1997
chic,1997-10-30,51,10.99730122,50.25,60.63359589,Autumn,303,Oct,10,1997
chic,1997-10-31,59.5,11.12766727,52.5,37.54374391,Autumn,304,Oct,10,1997
chic,1997-11-01,50,8.280297454,36.125,14.60320915,Autumn,305,Nov,11,1997
chic,1997-11-02,38.5,9.837252924,30.125,3.594921849,Autumn,306,Nov,11,1997
chic,1997-11-03,36.5,1.572217033,34.125,17.63612005,Autumn,307,Nov,11,1997
chic,1997-11-04,39,0.946119191,35.25,19.94749735,Autumn,308,Nov,11,1997
chic,1997-11-05,40,3.905143159,40.5,29.91987304,Autumn,309,Nov,11,1997
chic,1997-11-06,45,6.817325611,39.875,22.14110936,Autumn,310,Nov,11,1997
chic,1997-11-07,43,17.81591136,35.25,11.97512166,Autumn,311,Nov,11,1997
chic,1997-11-08,44,14.07328937,34.125,17.98617138,Autumn,312,Nov,11,1997
chic,1997-11-09,42.5,8.690660258,34.875,20.9560038,Autumn,313,Nov,11,1997
chic,1997-11-10,36.5,9.42537895,22.125,14.76170946,Autumn,314,Nov,11,1997
chic,1997-11-11,28.5,6.334441315,18.25,18.69817354,Autumn,315,Nov,11,1997
chic,1997-11-12,26.5,7.309092868,16.75,29.41938875,Autumn,316,Nov,11,1997
chic,1997-11-13,31.5,8.287314003,22.25,33.62082548,Autumn,317,Nov,11,1997
chic,1997-11-14,36,16.12077291,31.25,14.35010725,Autumn,318,Nov,11,1997
chic,1997-11-15,29,8.692985326,24.375,12.15521543,Autumn,319,Nov,11,1997
chic,1997-11-16,22,14.94203113,14,7.188812768,Autumn,320,Nov,11,1997
chic,1997-11-17,25.5,6.964714814,24,46.01477962,Autumn,321,Nov,11,1997
chic,1997-11-18,32,6.573466394,25.125,37.59718509,Autumn,322,Nov,11,1997
chic,1997-11-19,27.5,4.492958813,22.625,38.79102272,Autumn,323,Nov,11,1997
chic,1997-11-20,33.5,3.391920866,37.5,58.74129896,Autumn,324,Nov,11,1997
chic,1997-11-21,35.5,19.4175146,29.625,15.81095956,Autumn,325,Nov,11,1997
chic,1997-11-22,34.5,10.61651418,25.625,31.77974965,Autumn,326,Nov,11,1997
chic,1997-11-23,26,12.32242172,20.75,12.88748446,Autumn,327,Nov,11,1997
chic,1997-11-24,26.5,7.093888857,17.125,32.08926119,Autumn,328,Nov,11,1997
chic,1997-11-25,47,9.803494571,41.25,53.83499827,Autumn,329,Nov,11,1997
chic,1997-11-26,43,9.033927712,23.625,33.72726346,Autumn,330,Nov,11,1997
chic,1997-11-27,37.5,7.275335381,39,27.50668765,Autumn,331,Nov,11,1997
chic,1997-11-28,49,4.999315507,45.25,26.46023499,Autumn,332,Nov,11,1997
chic,1997-11-29,45.5,5.47861927,47.125,47.37736206,Autumn,333,Nov,11,1997
chic,1997-11-30,42,15.47924692,31.875,16.48376763,Autumn,334,Nov,11,1997
chic,1997-12-01,37,21.88992046,31.125,2.33040074,Autumn,335,Dec,12,1997
chic,1997-12-02,36.5,9.034914135,30,28.28620184,Autumn,336,Dec,12,1997
chic,1997-12-03,36.5,2.97547475,32.75,27.45798321,Autumn,337,Dec,12,1997
chic,1997-12-04,32,6.668088023,21.375,10.36154807,Autumn,338,Dec,12,1997
chic,1997-12-05,26,5.713654656,17.375,17.47480774,Autumn,339,Dec,12,1997
chic,1997-12-06,28.5,8.989306206,25.75,19.83278403,Autumn,340,Dec,12,1997
chic,1997-12-07,30,9.578949412,27,12.59359227,Autumn,341,Dec,12,1997
chic,1997-12-08,28.5,6.160890245,26.875,26.54110608,Autumn,342,Dec,12,1997
chic,1997-12-09,33,3.329629224,30.625,36.51992162,Autumn,343,Dec,12,1997
chic,1997-12-10,34.5,13.86412352,31,7.689420014,Autumn,344,Dec,12,1997
chic,1997-12-11,33.5,17.90679,25,9.747431064,Autumn,345,Dec,12,1997
chic,1997-12-12,27.5,10.48730232,21.25,25.08270501,Autumn,346,Dec,12,1997
chic,1997-12-13,26.5,6.909747484,22.25,22.92698907,Autumn,347,Dec,12,1997
chic,1997-12-14,31,5.322015789,25.875,31.88279018,Autumn,348,Dec,12,1997
chic,1997-12-15,37.5,4.512416304,30.875,48.88852735,Autumn,349,Dec,12,1997
chic,1997-12-16,39,5.062039214,30,52.98782534,Autumn,350,Dec,12,1997
chic,1997-12-17,37,7.970614184,26.5,47.9574386,Autumn,351,Dec,12,1997
chic,1997-12-18,38.5,4.118907564,32.75,44.69161462,Autumn,352,Dec,12,1997
chic,1997-12-19,40.5,3.524463234,33.125,52.01821208,Autumn,353,Dec,12,1997
chic,1997-12-20,33,9.071323134,23.875,14.12594688,Autumn,354,Dec,12,1997
chic,1997-12-21,32.5,16.46850411,25,13.24848485,Autumn,355,Dec,12,1997
chic,1997-12-22,34.5,7.362736854,33,14.21020439,Autumn,356,Dec,12,1997
chic,1997-12-23,34,3.879772974,27.625,38.30136461,Autumn,357,Dec,12,1997
chic,1997-12-24,34,6.740086894,31.5,31.46362104,Autumn,358,Dec,12,1997
chic,1997-12-25,30.5,7.607853044,24.5,13.37318781,Autumn,359,Dec,12,1997
chic,1997-12-26,28.5,5.770262323,23.75,23.32622649,Autumn,360,Dec,12,1997
chic,1997-12-27,23,6.411491858,13.75,16.28572744,Autumn,361,Dec,12,1997
chic,1997-12-28,25.5,6.107994889,28.75,28.19149376,Autumn,362,Dec,12,1997
chic,1997-12-29,29.5,3.823882394,23.625,22.27436669,Autumn,363,Dec,12,1997
chic,1997-12-30,21.5,6.969592984,17.25,23.92552364,Autumn,364,Dec,12,1997
chic,1997-12-31,18,11.42414764,5.25,26.37933906,Autumn,365,Dec,12,1997
chic,1998-01-01,28,14.2731939,22.5,23.39038879,Winter,1,Jan,1,1998
chic,1998-01-02,44,9.941647914,35.9,39.41713908,Winter,2,Jan,1,1998
chic,1998-01-03,47,11.83026165,46.9,27.26162158,Winter,3,Jan,1,1998
chic,1998-01-04,45,8.871308309,40,10.26990887,Winter,4,Jan,1,1998
chic,1998-01-05,48,4.995692728,46.7,20.06036035,Winter,5,Jan,1,1998
chic,1998-01-06,43,9.032827125,41.1,39.18427351,Winter,6,Jan,1,1998
chic,1998-01-07,38,16.45256992,34.2,NA,Winter,7,Jan,1,1998
chic,1998-01-08,34,17.7504518,30.8,0.330359317,Winter,8,Jan,1,1998
chic,1998-01-09,25,12.86425783,25.3,15.17952687,Winter,9,Jan,1,1998
chic,1998-01-10,12,13.23825135,2.8,19.24030035,Winter,10,Jan,1,1998
chic,1998-01-11,18,8.143275018,7.1,30.80604399,Winter,11,Jan,1,1998
chic,1998-01-12,23,3.298827974,20.6,27.30107384,Winter,12,Jan,1,1998
chic,1998-01-13,7,7.921954692,-6,40.17952688,Winter,13,Jan,1,1998
chic,1998-01-14,17,10.88875686,15.4,45.18930709,Winter,14,Jan,1,1998
chic,1998-01-15,28,6.015316052,23.1,28.24613823,Winter,15,Jan,1,1998
chic,1998-01-16,28,10.60119343,23.6,17.29309956,Winter,16,Jan,1,1998
chic,1998-01-17,23,4.680554287,21.9,33.85415461,Winter,17,Jan,1,1998
chic,1998-01-18,16,5.133443143,13.5,36.24890067,Winter,18,Jan,1,1998
chic,1998-01-19,24,3.271598744,19.1,41.25718796,Winter,19,Jan,1,1998
chic,1998-01-20,26,4.979383252,21.3,58.23189743,Winter,20,Jan,1,1998
chic,1998-01-21,31,5.605710995,26.8,36.03400225,Winter,21,Jan,1,1998
chic,1998-01-22,32,2.858034571,29.9,36.00361551,Winter,22,Jan,1,1998
chic,1998-01-23,28,3.142815243,25.8,39.34817849,Winter,23,Jan,1,1998
chic,1998-01-24,28,3.830004691,24.2,42.1997481,Winter,24,Jan,1,1998
chic,1998-01-25,28,10.64494487,22.9,24.31300777,Winter,25,Jan,1,1998
chic,1998-01-26,31,3.284965583,28.6,43.29861116,Winter,26,Jan,1,1998
chic,1998-01-27,33,2.992380321,30.4,32.61828327,Winter,27,Jan,1,1998
chic,1998-01-28,36,2.921062708,32.5,38.57960924,Winter,28,Jan,1,1998
chic,1998-01-29,37,6.003861673,30.6,31.07919141,Winter,29,Jan,1,1998
chic,1998-01-30,31,7.493304441,25.6,18.60999598,Winter,30,Jan,1,1998
chic,1998-01-31,35,6.841358596,29.1,36.72878051,Winter,31,Jan,1,1998
chic,1998-02-01,39,8.644216601,31,25.63592505,Winter,32,Feb,2,1998
chic,1998-02-02,33,12.30244893,26.6,16.98570343,Winter,33,Feb,2,1998
chic,1998-02-03,34,15.97026895,28.9,24.9470294,Winter,34,Feb,2,1998
chic,1998-02-04,32,26.75008966,25.6,13.98994661,Winter,35,Feb,2,1998
chic,1998-02-05,32,29.56028057,27.4,5.87796862,Winter,36,Feb,2,1998
chic,1998-02-06,36,24.88155245,29.4,13.91664266,Winter,37,Feb,2,1998
chic,1998-02-07,34,20.96762022,28.7,28.98789513,Winter,38,Feb,2,1998
chic,1998-02-08,33,25.92298562,28.3,26.04915581,Winter,39,Feb,2,1998
chic,1998-02-09,35,5.953207168,28.8,87.07401769,Winter,40,Feb,2,1998
chic,1998-02-10,39,7.616033438,33.9,64.6498205,Winter,41,Feb,2,1998
chic,1998-02-11,41,5.362857215,38.6,33.00495692,Winter,42,Feb,2,1998
chic,1998-02-12,35,15.20446531,28.3,11.94694587,Winter,43,Feb,2,1998
chic,1998-02-13,36,8.394360783,31.4,35.8123488,Winter,44,Feb,2,1998
chic,1998-02-14,38,8.317100255,31,32.79521682,Winter,45,Feb,2,1998
chic,1998-02-15,43,10.15403757,32,27.83389085,Winter,46,Feb,2,1998
chic,1998-02-16,42,11.70215115,35.3,34.61350605,Winter,47,Feb,2,1998
chic,1998-02-17,41,13.07499937,38.8,14.75072113,Winter,48,Feb,2,1998
chic,1998-02-18,39,19.04999964,35.3,NA,Winter,49,Feb,2,1998
chic,1998-02-19,40,8.958724805,35,20.6752425,Winter,50,Feb,2,1998
chic,1998-02-20,39,12.29241577,33.5,20.97370781,Winter,51,Feb,2,1998
chic,1998-02-21,38,15.87504999,30.1,16.90208246,Winter,52,Feb,2,1998
chic,1998-02-22,44,15.24628708,35,40.73444625,Winter,53,Feb,2,1998
chic,1998-02-23,41,21.20835372,29.7,31.70924499,Winter,54,Feb,2,1998
chic,1998-02-24,45,10.7720774,36.7,40.69547089,Winter,55,Feb,2,1998
chic,1998-02-25,42,20.44950028,34.6,41.66012634,Winter,56,Feb,2,1998
chic,1998-02-26,54,17.13383492,36.7,38.84274281,Winter,57,Feb,2,1998
chic,1998-02-27,42,16.70428189,37.7,29.78489157,Winter,58,Feb,2,1998
chic,1998-02-28,41,14.23918479,33.2,22.83397595,Winter,59,Feb,2,1998
chic,1998-03-01,35,14.01987011,28.5,7.848252452,Winter,60,Mar,3,1998
chic,1998-03-02,33,7.959817545,31.5,17.81794942,Winter,61,Mar,3,1998
chic,1998-03-03,34,19.96990528,30.4,6.667937923,Winter,62,Mar,3,1998
chic,1998-03-04,34,23.21253666,24.1,14.93892772,Winter,63,Mar,3,1998
chic,1998-03-05,36,22.0917764,24.1,10.81220596,Winter,64,Mar,3,1998
chic,1998-03-06,34,12.62230465,27.9,33.53892903,Winter,65,Mar,3,1998
chic,1998-03-07,36,25.16307876,28.1,28.8177156,Winter,66,Mar,3,1998
chic,1998-03-08,38,24.55008381,34.2,12.79567703,Winter,67,Mar,3,1998
chic,1998-03-09,26,31.15559116,20.7,21.88567493,Winter,68,Mar,3,1998
chic,1998-03-10,18,21.87888473,4.9,15.61461005,Winter,69,Mar,3,1998
chic,1998-03-11,18,18.31816226,2.3,17.65042272,Winter,70,Mar,3,1998
chic,1998-03-12,18,14.60481564,6.7,37.63982475,Winter,71,Mar,3,1998
chic,1998-03-13,29,17.41072711,20.7,50.46034008,Winter,72,Mar,3,1998
chic,1998-03-14,28,27.8154874,14,15.36943099,Winter,73,Mar,3,1998
chic,1998-03-15,27,30.46131565,20.9,13.28536145,Winter,74,Mar,3,1998
chic,1998-03-16,30,29.83923134,22.6,21.57259903,Winter,75,Mar,3,1998
chic,1998-03-17,36,15.90201554,31.7,35.74615275,Winter,76,Mar,3,1998
chic,1998-03-18,45,5.550552631,41.9,37.4554206,Winter,77,Mar,3,1998
chic,1998-03-19,37,21.2070732,34.2,3.894913082,Winter,78,Mar,3,1998
chic,1998-03-20,35,38.80874714,27.1,6.035408952,Winter,79,Mar,3,1998
chic,1998-03-21,37,37.16251336,24.7,3.005322156,Winter,80,Mar,3,1998
chic,1998-03-22,36,28.55499743,22.6,9.145080529,Winter,81,Mar,3,1998
chic,1998-03-23,38,17.55893668,21.6,38.13681606,Winter,82,Mar,3,1998
chic,1998-03-24,40,16.05736624,23.3,32.70961992,Winter,83,Mar,3,1998
chic,1998-03-25,51,19.81460181,38.6,38.15885463,Winter,84,Mar,3,1998
chic,1998-03-26,68,32.8514069,53.9,95.1147775,Winter,85,Mar,3,1998
chic,1998-03-27,67,32.37944206,52.3,100.0598836,Winter,86,Mar,3,1998
chic,1998-03-28,57,29.97836643,50.9,16.24339556,Winter,87,Mar,3,1998
chic,1998-03-29,62,22.78837019,54.3,42.22962145,Winter,88,Mar,3,1998
chic,1998-03-30,73,25.77262145,59.4,31.33551305,Winter,89,Mar,3,1998
chic,1998-03-31,59,22.89028078,51.7,28.22411181,Winter,90,Mar,3,1998
chic,1998-04-01,44,19.8022847,36.6,16.15799611,Spring,91,Apr,4,1998
chic,1998-04-02,44,13.97909597,37.1,13.51180691,Spring,92,Apr,4,1998
chic,1998-04-03,41,19.25949302,35,13.47600931,Spring,93,Apr,4,1998
chic,1998-04-04,41,28.32121854,28.1,5.699149801,Spring,94,Apr,4,1998
chic,1998-04-05,41,20.05969958,23.7,16.49474157,Spring,95,Apr,4,1998
chic,1998-04-06,48,18.76221487,32.6,31.81760711,Spring,96,Apr,4,1998
chic,1998-04-07,52,18.14981795,39.4,49.93884298,Spring,97,Apr,4,1998
chic,1998-04-08,48,8.663955747,46.3,20.9285774,Spring,98,Apr,4,1998
chic,1998-04-09,43,25.58065622,32.8,10.70281656,Spring,99,Apr,4,1998
chic,1998-04-10,46,25.10802547,27,16.71659067,Spring,100,Apr,4,1998
chic,1998-04-11,50,21.05180601,34.9,32.4350938,Spring,101,Apr,4,1998
chic,1998-04-12,64,42.94678851,38.5,40.64496533,Spring,102,Apr,4,1998
chic,1998-04-13,62,31.7410308,46.7,49.62017194,Spring,103,Apr,4,1998
chic,1998-04-14,58,21.23216499,48.1,23.89046085,Spring,104,Apr,4,1998
chic,1998-04-15,53,12.91530715,46.6,47.73498385,Spring,105,Apr,4,1998
chic,1998-04-16,42,10.35486849,40,9.765286885,Spring,106,Apr,4,1998
chic,1998-04-17,45,17.439332,30.2,21.14325771,Spring,107,Apr,4,1998
chic,1998-04-18,50,19.91091452,32.1,41.7157001,Spring,108,Apr,4,1998
chic,1998-04-19,52,28.16359353,33,27.82313812,Spring,109,Apr,4,1998
chic,1998-04-20,52,22.4899537,40.8,45.79546376,Spring,110,Apr,4,1998
chic,1998-04-21,50,29.64649559,46.2,28.53788116,Spring,111,Apr,4,1998
chic,1998-04-22,53,30.22803235,37.1,23.54890045,Spring,112,Apr,4,1998
chic,1998-04-23,56,18.24137097,35.6,44.81484586,Spring,113,Apr,4,1998
chic,1998-04-24,62,26.20326621,36.5,48.54890045,Spring,114,Apr,4,1998
chic,1998-04-25,56,29.51323713,46.8,40.49104921,Spring,115,Apr,4,1998
chic,1998-04-26,48,26.91766506,43.3,25.6270867,Spring,116,Apr,4,1998
chic,1998-04-27,45,30.859069,27.5,10.79966277,Spring,117,Apr,4,1998
chic,1998-04-28,46,21.69933906,33.8,28.5930512,Spring,118,Apr,4,1998
chic,1998-04-29,54,12.79643555,48.4,52.83808378,Spring,119,Apr,4,1998
chic,1998-04-30,55,9.747819924,51.3,37.6977344,Spring,120,Apr,4,1998
chic,1998-05-01,59,12.02675827,53.7,26.73905671,Spring,121,May,5,1998
chic,1998-05-02,57,18.54968334,52,41.77965119,Spring,122,May,5,1998
chic,1998-05-03,53,21.6135524,50.3,19.49480147,Spring,123,May,5,1998
chic,1998-05-04,60,20.30337956,47,28.48378218,Spring,124,May,5,1998
chic,1998-05-05,62,19.04415528,54.1,44.08221476,Spring,125,May,5,1998
chic,1998-05-06,68,23.59235584,56.8,39.53612378,Spring,126,May,5,1998
chic,1998-05-07,57,23.07930421,56,34.55540752,Spring,127,May,5,1998
chic,1998-05-08,62,34.82005674,51.3,19.74160713,Spring,128,May,5,1998
chic,1998-05-09,58,24.64209643,43.5,13.75805785,Spring,129,May,5,1998
chic,1998-05-10,58,26.73020043,40.1,9.73601928,Spring,130,May,5,1998
chic,1998-05-11,61,21.61338928,48.1,30.59387892,Spring,131,May,5,1998
chic,1998-05-12,63,33.35509244,55.1,57.65059609,Spring,132,May,5,1998
chic,1998-05-13,68,29.76278735,52.5,40.62029306,Spring,133,May,5,1998
chic,1998-05-14,68,33.67248446,55.4,52.66636317,Spring,134,May,5,1998
chic,1998-05-15,75,36.3068342,65.8,110.5991736,Spring,135,May,5,1998
chic,1998-05-16,72,34.45011545,50.9,34.55785124,Spring,136,May,5,1998
chic,1998-05-17,68,26.13040883,49.2,35.01192927,Spring,137,May,5,1998
chic,1998-05-18,76,35.23010416,49.4,101.4889807,Spring,138,May,5,1998
chic,1998-05-19,79,35.46879312,61,91.54683196,Spring,139,May,5,1998
chic,1998-05-20,65,20.62162403,52.8,45.44859224,Spring,140,May,5,1998
chic,1998-05-21,64,25.1496667,46.9,33.45220386,Spring,141,May,5,1998
chic,1998-05-22,57,20.56745734,47.9,28.57892562,Spring,142,May,5,1998
chic,1998-05-23,61,32.0312251,45.5,33.41852666,Spring,143,May,5,1998
chic,1998-05-24,61,31.68930604,54.3,27.46046832,Spring,144,May,5,1998
chic,1998-05-25,62,35.92409174,48.3,16.38884298,Spring,145,May,5,1998
chic,1998-05-26,63,24.9074708,45.7,38.36193211,Spring,146,May,5,1998
chic,1998-05-27,67,35.25646016,52.8,69.33891185,Spring,147,May,5,1998
chic,1998-05-28,75,31.38121511,64.3,82.37747934,Spring,148,May,5,1998
chic,1998-05-29,74,26.88084873,62.3,30.28611225,Spring,149,May,5,1998
chic,1998-05-30,73,32.14161446,62.7,60.23422865,Spring,150,May,5,1998
chic,1998-05-31,70,37.70309356,60.2,34.20668044,Spring,151,May,5,1998
chic,1998-06-01,63,25.4868917,45.7,28.43731615,Spring,152,Jun,6,1998
chic,1998-06-02,63,24.48816556,50.7,38.10309917,Spring,153,Jun,6,1998
chic,1998-06-03,55,13.01840205,45.7,23.08106061,Spring,154,Jun,6,1998
chic,1998-06-04,56,22.1732181,37.7,26.57495811,Spring,155,Jun,6,1998
chic,1998-06-05,50,19.23890261,41.6,10.91577135,Spring,156,Jun,6,1998
chic,1998-06-06,54,7.453970291,38.9,16.87169422,Spring,157,Jun,6,1998
chic,1998-06-07,58,21.54421057,41.1,11.05757109,Spring,158,Jun,6,1998
chic,1998-06-08,56,16.80759785,46,42.70750689,Spring,159,Jun,6,1998
chic,1998-06-09,61,15.93383896,59,24.71577135,Spring,160,Jun,6,1998
chic,1998-06-10,68,21.18028383,58,38.31823176,Spring,161,Jun,6,1998
chic,1998-06-11,68,17.50527856,65.8,37.70199725,Spring,162,Jun,6,1998
chic,1998-06-12,74,30.76993826,61.5,22.65516529,Spring,163,Jun,6,1998
chic,1998-06-13,69,31.83533298,58.2,16.75671196,Spring,164,Jun,6,1998
chic,1998-06-14,67,27.26768385,57.5,28.6303719,Spring,165,Jun,6,1998
chic,1998-06-15,70,27.16404668,58.7,24.56701102,Spring,166,Jun,6,1998
chic,1998-06-16,70,13.79020052,61.2,40.07531986,Spring,167,Jun,6,1998
chic,1998-06-17,73,20.7548625,63.7,38.71852617,Spring,168,Jun,6,1998
chic,1998-06-18,77,34.50368079,69.3,56.80392562,Spring,169,Jun,6,1998
chic,1998-06-19,73,29.71740293,61.2,34.66183406,Spring,170,Jun,6,1998
chic,1998-06-20,78,31.84594116,68,39.64207989,Spring,171,Jun,6,1998
chic,1998-06-21,79,32.43050861,66,14.63932507,Spring,172,Jun,6,1998
chic,1998-06-22,74,26.97606441,61.9,32.08372732,Spring,173,Jun,6,1998
chic,1998-06-23,74,39.88527977,60.6,38.58422865,Spring,174,Jun,6,1998
chic,1998-06-24,83,34.97005694,70.2,74.60626722,Spring,175,Jun,6,1998
chic,1998-06-25,83,41.95994841,70.8,66.61778027,Spring,176,Jun,6,1998
chic,1998-06-26,79,37.49080473,68.4,45.44538918,Spring,177,Jun,6,1998
chic,1998-06-27,82,47.71141906,70.3,44.40682168,Spring,178,Jun,6,1998
chic,1998-06-28,78,37.74670537,69,24.51026922,Spring,179,Jun,6,1998
chic,1998-06-29,77,19.73129756,68.2,33.33795116,Spring,180,Jun,6,1998
chic,1998-06-30,74,25.36325052,60.5,18.32693188,Spring,181,Jun,6,1998
chic,1998-07-01,70,23.14025089,56.7,29.46772625,Summer,182,Jul,7,1998
chic,1998-07-02,73,25.66888813,57.8,56.33265163,Summer,183,Jul,7,1998
chic,1998-07-03,79,32.1188752,65.4,50.34642574,Summer,184,Jul,7,1998
chic,1998-07-04,69,24.81614389,62.4,24.92644426,Summer,185,Jul,7,1998
chic,1998-07-05,70,24.73381544,56.3,14.38453663,Summer,186,Jul,7,1998
chic,1998-07-06,78,27.79453625,69,42.37072448,Summer,187,Jul,7,1998
chic,1998-07-07,72,33.63682316,66.7,32.49287435,Summer,188,Jul,7,1998
chic,1998-07-08,74,33.91514063,64.9,22.53169851,Summer,189,Jul,7,1998
chic,1998-07-09,75,32.24886287,64.2,40.51832773,Summer,190,Jul,7,1998
chic,1998-07-10,73,29.89305294,62.4,32.84960731,Summer,191,Jul,7,1998
chic,1998-07-11,71,37.6406215,55.9,21.44119275,Summer,192,Jul,7,1998
chic,1998-07-12,71,37.81791816,55.6,24.43843792,Summer,193,Jul,7,1998
chic,1998-07-13,73,34.1803807,60.3,74.38759856,Summer,194,Jul,7,1998
chic,1998-07-14,78,37.13355554,67.1,87.37430546,Summer,195,Jul,7,1998
chic,1998-07-15,79,36.65276566,66.1,58.47623383,Summer,196,Jul,7,1998
chic,1998-07-16,80,21.71145461,57.9,33.38866724,Summer,197,Jul,7,1998
chic,1998-07-17,75,27.47435711,64.7,43.50378204,Summer,198,Jul,7,1998
chic,1998-07-18,77,30.65984149,65.5,63.47347901,Summer,199,Jul,7,1998
chic,1998-07-19,81,32.88607166,71.8,33.46269118,Summer,200,Jul,7,1998
chic,1998-07-20,79,26.46615043,68.1,37.1810501,Summer,201,Jul,7,1998
chic,1998-07-21,85,34.03770825,72.9,57.21135313,Summer,202,Jul,7,1998
chic,1998-07-22,76,17.8504717,67.6,24.59552148,Summer,203,Jul,7,1998
chic,1998-07-23,73,19.64635244,56.6,38.15901153,Summer,204,Jul,7,1998
chic,1998-07-24,72,20.49918209,51.1,26.20859831,Summer,205,Jul,7,1998
chic,1998-07-25,70,23.91572013,55.4,28.22877363,Summer,206,Jul,7,1998
chic,1998-07-26,70,27.09941246,56.8,19.21329084,Summer,207,Jul,7,1998
chic,1998-07-27,74,26.81815869,65.1,39.24083905,Summer,208,Jul,7,1998
chic,1998-07-28,79,24.39531608,64.9,43.75227239,Summer,209,Jul,7,1998
chic,1998-07-29,77,32.2616697,55.2,21.21604566,Summer,210,Jul,7,1998
chic,1998-07-30,72,19.68474565,57.5,30.25461316,Summer,211,Jul,7,1998
chic,1998-07-31,71,24.12262719,54.7,13.25551439,Summer,212,Jul,7,1998
chic,1998-08-01,72,30.49970296,57.3,29.27261288,Summer,213,Aug,8,1998
chic,1998-08-02,72,38.51264977,55.9,26.31118037,Summer,214,Aug,8,1998
chic,1998-08-03,78,32.45249083,64.8,62.20939816,Summer,215,Aug,8,1998
chic,1998-08-04,70,20.04740956,68.6,29.33872858,Summer,216,Aug,8,1998
chic,1998-08-05,76,22.01459272,70.7,27.28638698,Summer,217,Aug,8,1998
chic,1998-08-06,78,19.95487187,71.3,39.51402044,Summer,218,Aug,8,1998
chic,1998-08-07,75,10.16505454,70.8,33.32300976,Summer,219,Aug,8,1998
chic,1998-08-08,77,18.39628999,70.7,33.30372601,Summer,220,Aug,8,1998
chic,1998-08-09,77,20.84949556,70.1,36.23225492,Summer,221,Aug,8,1998
chic,1998-08-10,76,27.52908925,68.5,35.28719709,Summer,222,Aug,8,1998
chic,1998-08-11,71,23.3655677,63.4,36.49656348,Summer,223,Aug,8,1998
chic,1998-08-12,70,28.84019544,60.9,31.16405909,Summer,224,Aug,8,1998
chic,1998-08-13,71,30.87047683,60.2,40.00990101,Summer,225,Aug,8,1998
chic,1998-08-14,71,25.80294031,64.4,64.00163655,Summer,226,Aug,8,1998
chic,1998-08-15,71,20.8943462,64.3,29.80520181,Summer,227,Aug,8,1998
chic,1998-08-16,72,27.0144644,62.9,24.0209203,Summer,228,Aug,8,1998
chic,1998-08-17,75,22.60958586,69,52.93552085,Summer,229,Aug,8,1998
chic,1998-08-18,68,20.98574271,63.9,14.92358222,Summer,230,Aug,8,1998
chic,1998-08-19,69,20.1389224,55.1,36.80564738,Summer,231,Aug,8,1998
chic,1998-08-20,73,24.54453334,65.4,61.81117216,Summer,232,Aug,8,1998
chic,1998-08-21,80,30.99770354,70.8,48.80946695,Summer,233,Aug,8,1998
chic,1998-08-22,78,32.91134417,69.5,47.87161172,Summer,234,Aug,8,1998
chic,1998-08-23,81,43.65434527,71.2,62.91282051,Summer,235,Aug,8,1998
chic,1998-08-24,76,17.91473364,71.4,51.80922411,Summer,236,Aug,8,1998
chic,1998-08-25,76,24.30123553,63.9,29.84757326,Summer,237,Aug,8,1998
chic,1998-08-26,73,25.26439302,60.9,33.80636447,Summer,238,Aug,8,1998
chic,1998-08-27,72,26.21275881,64.5,34.00731918,Summer,239,Aug,8,1998
chic,1998-08-28,69,12.25200493,66.4,35.81735348,Summer,240,Aug,8,1998
chic,1998-08-29,76,20.43792922,63.1,26.80361722,Summer,241,Aug,8,1998
chic,1998-08-30,70,21.81665746,55.7,16.89738595,Summer,242,Aug,8,1998
chic,1998-08-31,69,18.75411476,54.6,28.77339744,Summer,243,Aug,8,1998
chic,1998-09-01,69,16.84657368,58.5,54.7349359,Summer,244,Sep,9,1998
chic,1998-09-02,65,20.30059175,50.1,45.75446371,Summer,245,Sep,9,1998
chic,1998-09-03,68,23.6064544,57.9,50.72119963,Summer,246,Sep,9,1998
chic,1998-09-04,69,35.04125239,54.2,29.66350733,Summer,247,Sep,9,1998
chic,1998-09-05,70,31.39586058,61.4,51.60333,Summer,248,Sep,9,1998
chic,1998-09-06,81,47.56210798,70.4,47.58250916,Summer,249,Sep,9,1998
chic,1998-09-07,66,28.26803026,57.1,22.49459707,Summer,250,Sep,9,1998
chic,1998-09-08,63,16.02455557,46.9,16.26096728,Summer,251,Sep,9,1998
chic,1998-09-09,63,14.49696592,50.3,17.54954212,Summer,252,Sep,9,1998
chic,1998-09-10,63,14.39672453,52.8,53.55778388,Summer,253,Sep,9,1998
chic,1998-09-11,71,27.50518405,53.1,48.59899267,Summer,254,Sep,9,1998
chic,1998-09-12,74,35.19750822,56.7,60.70064103,Summer,255,Sep,9,1998
chic,1998-09-13,74,35.25090662,62.7,68.73086081,Summer,256,Sep,9,1998
chic,1998-09-14,72,21.45651905,67.5,48.29253517,Summer,257,Sep,9,1998
chic,1998-09-15,70,14.42667629,67,16.59899267,Summer,258,Sep,9,1998
chic,1998-09-16,72,23.69825157,64.9,17.61272893,Summer,259,Sep,9,1998
chic,1998-09-17,68,27.00013021,58.4,27.64998421,Summer,260,Sep,9,1998
chic,1998-09-18,68,27.27217339,57.8,42.49325914,Summer,261,Sep,9,1998
chic,1998-09-19,72,35.91220589,60.9,66.41908332,Summer,262,Sep,9,1998
chic,1998-09-20,76,19.90428496,66.3,48.97975193,Summer,263,Sep,9,1998
chic,1998-09-21,63,12.86014266,51.8,13.36413826,Summer,264,Sep,9,1998
chic,1998-09-22,58,18.14906691,47.7,10.35314925,Summer,265,Sep,9,1998
chic,1998-09-23,56,10.25031508,41.5,28.45701339,Summer,266,Sep,9,1998
chic,1998-09-24,59,6.447717861,53.6,44.37554635,Summer,267,Sep,9,1998
chic,1998-09-25,66,10.8240857,64.1,73.58433756,Summer,268,Sep,9,1998
chic,1998-09-26,79,36.95089587,65.8,55.41970033,Summer,269,Sep,9,1998
chic,1998-09-27,73,30.32567188,63.8,33.64752437,Summer,270,Sep,9,1998
chic,1998-09-28,63,17.53191689,52.5,30.69148041,Summer,271,Sep,9,1998
chic,1998-09-29,63,6.846173571,57,48.61341733,Summer,272,Sep,9,1998
chic,1998-09-30,64,13.36619116,57.9,40.58525641,Summer,273,Sep,9,1998
chic,1998-10-01,53,9.787839418,35.7,11.50009157,Autumn,274,Oct,10,1998
chic,1998-10-02,49,10.8158687,41.9,23.40233242,Autumn,275,Oct,10,1998
chic,1998-10-03,55,19.16943672,49.3,5.327014653,Autumn,276,Oct,10,1998
chic,1998-10-04,60,19.16419304,50.3,8.296794873,Autumn,277,Oct,10,1998
chic,1998-10-05,65,9.779308246,61.4,42.28855311,Autumn,278,Oct,10,1998
chic,1998-10-06,65,9.216620178,61.2,15.34349817,Autumn,279,Oct,10,1998
chic,1998-10-07,56,3.875538142,49.2,15.31327838,Autumn,280,Oct,10,1998
chic,1998-10-08,54,11.31221667,44.8,13.00465515,Autumn,281,Oct,10,1998
chic,1998-10-09,53,4.484221248,45.6,34.2720696,Autumn,282,Oct,10,1998
chic,1998-10-10,53,7.984733488,46.4,57.2775641,Autumn,283,Oct,10,1998
chic,1998-10-11,56,19.48633609,49.1,36.39020146,Autumn,284,Oct,10,1998
chic,1998-10-12,60,10.04663934,46.9,42.45888278,Autumn,285,Oct,10,1998
chic,1998-10-13,49,5.860236035,36.8,22.48910256,Autumn,286,Oct,10,1998
chic,1998-10-14,48,4.287028161,40.4,26.74185351,Autumn,287,Oct,10,1998
chic,1998-10-15,58,6.190887323,48.4,30.42591575,Autumn,288,Oct,10,1998
chic,1998-10-16,68,23.32690315,57.2,50.428663,Autumn,289,Oct,10,1998
chic,1998-10-17,67,22.9477125,64.4,56.46712454,Autumn,290,Oct,10,1998
chic,1998-10-18,57,15.73579613,48.1,10.53031135,Autumn,291,Oct,10,1998
chic,1998-10-19,52,7.957596869,39.2,27.4753663,Autumn,292,Oct,10,1998
chic,1998-10-20,50,9.537845925,33.9,21.08135491,Autumn,293,Oct,10,1998
chic,1998-10-21,48,9.515268266,34.5,11.45888278,Autumn,294,Oct,10,1998
chic,1998-10-22,45,6.525605717,31.1,21.43141025,Autumn,295,Oct,10,1998
chic,1998-10-23,52,6.877799543,36.3,50.61547619,Autumn,296,Oct,10,1998
chic,1998-10-24,54,10.28262758,38.9,55.72811355,Autumn,297,Oct,10,1998
chic,1998-10-25,55,7.278930329,44.8,37.78031136,Autumn,298,Oct,10,1998
chic,1998-10-26,62,9.445527954,49.7,55.81278607,Autumn,299,Oct,10,1998
chic,1998-10-27,63,4.563178739,58.6,86.69514652,Autumn,300,Oct,10,1998
chic,1998-10-28,54,11.91828985,52.3,14.73360806,Autumn,301,Oct,10,1998
chic,1998-10-29,52,3.608258636,51.9,35.62743779,Autumn,302,Oct,10,1998
chic,1998-10-30,61,0.775211423,58.4,44.69106134,Autumn,303,Oct,10,1998
chic,1998-10-31,57,3.34584526,52.7,10.68007233,Autumn,304,Oct,10,1998
chic,1998-11-01,54,19.11101589,50,11.26056087,Autumn,305,Nov,11,1998
chic,1998-11-02,49,21.7531344,39.8,6.608643758,Autumn,306,Nov,11,1998
chic,1998-11-03,41,28.1382719,33.4,5.474028368,Autumn,307,Nov,11,1998
chic,1998-11-04,37,21.7524449,32.8,10.32663888,Autumn,308,Nov,11,1998
chic,1998-11-05,39,5.916253593,27.4,21.33335972,Autumn,309,Nov,11,1998
chic,1998-11-06,38,8.330678601,25.8,20.33335972,Autumn,310,Nov,11,1998
chic,1998-11-07,35,6.602146738,26.1,39.77304366,Autumn,311,Nov,11,1998
chic,1998-11-08,37,6.738993926,31.8,32.3635795,Autumn,312,Nov,11,1998
chic,1998-11-09,43,8.348756173,37.3,52.29215093,Autumn,313,Nov,11,1998
chic,1998-11-10,52,14.62151019,41.2,39.04322029,Autumn,314,Nov,11,1998
chic,1998-11-11,41,16.46878433,28.5,28.31575868,Autumn,315,Nov,11,1998
chic,1998-11-12,40,4.69359805,31.1,31.37345098,Autumn,316,Nov,11,1998
chic,1998-11-13,43,11.49740262,34.6,33.77004922,Autumn,317,Nov,11,1998
chic,1998-11-14,50,9.721484893,40.2,28.62619824,Autumn,318,Nov,11,1998
chic,1998-11-15,43,16.87493283,32.2,12.59048395,Autumn,319,Nov,11,1998
chic,1998-11-16,48,6.470759103,39.1,30.40936276,Autumn,320,Nov,11,1998
chic,1998-11-17,42,7.097389859,34.6,24.50448097,Autumn,321,Nov,11,1998
chic,1998-11-18,48,6.955126107,38.7,46.67755789,Autumn,322,Nov,11,1998
chic,1998-11-19,45,8.319255062,31.1,26.16402902,Autumn,323,Nov,11,1998
chic,1998-11-20,31,7.943455347,24.4,12.55667878,Autumn,324,Nov,11,1998
chic,1998-11-21,34,8.486784975,24.4,31.60063482,Autumn,325,Nov,11,1998
chic,1998-11-22,49,14.17667937,34.9,58.50826386,Autumn,326,Nov,11,1998
chic,1998-11-23,50,13.11126336,35.4,38.39561526,Autumn,327,Nov,11,1998
chic,1998-11-24,46,5.457522707,30.1,32.33792295,Autumn,328,Nov,11,1998
chic,1998-11-25,50,4.065176921,35.8,34.37713488,Autumn,329,Nov,11,1998
chic,1998-11-26,50,9.814313443,32.3,19.40385702,Autumn,330,Nov,11,1998
chic,1998-11-27,48,5.617518789,35.7,62.50275812,Autumn,331,Nov,11,1998
chic,1998-11-28,54,10.60628032,48.6,43.4122565,Autumn,332,Nov,11,1998
chic,1998-11-29,63,13.24199304,58.4,57.63537127,Autumn,333,Nov,11,1998
chic,1998-11-30,52,12.61060853,50.7,34.62438226,Autumn,334,Nov,11,1998
chic,1998-12-01,45,6.669878551,37.7,24.77694284,Autumn,335,Dec,12,1998
chic,1998-12-02,55,8.226131666,45.8,36.67108555,Autumn,336,Dec,12,1998
chic,1998-12-03,61,8.491750429,54.9,43.68756907,Autumn,337,Dec,12,1998
chic,1998-12-04,61,3.66162155,59.3,54.61237527,Autumn,338,Dec,12,1998
chic,1998-12-05,59,8.073820443,56.6,33.47142081,Autumn,339,Dec,12,1998
chic,1998-12-06,50,8.092803353,49.2,11.37526696,Autumn,340,Dec,12,1998
chic,1998-12-07,39,18.65149123,31.6,10.74276566,Autumn,341,Dec,12,1998
chic,1998-12-08,38,6.105578668,29,23.32306916,Autumn,342,Dec,12,1998
chic,1998-12-09,39,6.531887007,29.5,29.25164059,Autumn,343,Dec,12,1998
chic,1998-12-10,35,5.012532007,29,18.99180403,Autumn,344,Dec,12,1998
chic,1998-12-11,39,6.115629388,26.1,26.05936476,Autumn,345,Dec,12,1998
chic,1998-12-12,38,7.123482719,26.1,29.00716696,Autumn,346,Dec,12,1998
chic,1998-12-13,38,13.0106034,31.2,25.81906562,Autumn,347,Dec,12,1998
chic,1998-12-14,36,7.848083757,32.1,54.04288124,Autumn,348,Dec,12,1998
chic,1998-12-15,44,6.421882764,31.2,31.08958454,Autumn,349,Dec,12,1998
chic,1998-12-16,37,5.780097358,27.2,14.07628205,Autumn,350,Dec,12,1998
chic,1998-12-17,32,8.823021024,22.3,16.00331116,Autumn,351,Dec,12,1998
chic,1998-12-18,43,7.963781569,30.1,52.06375072,Autumn,352,Dec,12,1998
chic,1998-12-19,35,9.246538265,26.3,22.67121099,Autumn,353,Dec,12,1998
chic,1998-12-20,31,6.013476119,27.6,14.09122325,Autumn,354,Dec,12,1998
chic,1998-12-21,23,6.906369398,18.8,19.95386061,Autumn,355,Dec,12,1998
chic,1998-12-22,10,15.1006225,-1.9,24.84788757,Autumn,356,Dec,12,1998
chic,1998-12-23,17,9.267595214,5.7,28.91014556,Autumn,357,Dec,12,1998
chic,1998-12-24,19,10.64203305,4.8,24.03651918,Autumn,358,Dec,12,1998
chic,1998-12-25,25,13.89052531,11.1,19.38421017,Autumn,359,Dec,12,1998
chic,1998-12-26,26,11.75666022,12.3,36.10245325,Autumn,360,Dec,12,1998
chic,1998-12-27,36,9.763213303,24,34.1052005,Autumn,361,Dec,12,1998
chic,1998-12-28,29,5.780310269,23.3,33.06048535,Autumn,362,Dec,12,1998
chic,1998-12-29,22,12.53233717,18.4,25.00914305,Autumn,363,Dec,12,1998
chic,1998-12-30,7,9.385773285,-1.6,27.97068151,Autumn,364,Dec,12,1998
chic,1998-12-31,13,9.786139557,5.1,25.80098556,Autumn,365,Dec,12,1998
chic,1999-01-01,14,19.54416909,7.7,17.03386832,Winter,1,Jan,1,1999
chic,1999-01-02,22,28.62178903,21,NA,Winter,2,Jan,1,1999
chic,1999-01-03,16,21.30799347,8.4,17.98230706,Winter,3,Jan,1,1999
chic,1999-01-04,-2,11.43364549,-6.9,13.94939623,Winter,4,Jan,1,1999
chic,1999-01-05,1,8.987229863,-6.1,30.99060502,Winter,5,Jan,1,1999
chic,1999-01-06,12,9.092744575,9.8,25.11542598,Winter,6,Jan,1,1999
chic,1999-01-07,1,6.958779839,-6.7,36.8697259,Winter,7,Jan,1,1999
chic,1999-01-08,16,17.60590815,10.9,22.89170392,Winter,8,Jan,1,1999
chic,1999-01-09,4,12.81903336,-1.1,17.9727058,Winter,9,Jan,1,1999
chic,1999-01-10,6,19.14758235,-0.4,18.96857079,Winter,10,Jan,1,1999
chic,1999-01-11,5,10.17194648,0,30.90813124,Winter,11,Jan,1,1999
chic,1999-01-12,20,10.06825369,14.1,33.44114521,Winter,12,Jan,1,1999
chic,1999-01-13,20,30.68947994,15.4,1.880658712,Winter,13,Jan,1,1999
chic,1999-01-14,18,18.2186632,12.6,21.80373563,Winter,14,Jan,1,1999
chic,1999-01-15,23,6.83010581,20.2,38.57846091,Winter,15,Jan,1,1999
chic,1999-01-16,30,9.600006101,29.8,26.60598963,Winter,16,Jan,1,1999
chic,1999-01-17,28,8.005669007,31.3,32.69664897,Winter,17,Jan,1,1999
chic,1999-01-18,29,20.05480504,25.8,14.37407024,Winter,18,Jan,1,1999
chic,1999-01-19,27,9.724252881,20,28.70489073,Winter,19,Jan,1,1999
chic,1999-01-20,30,7.200447204,28.8,55.75708853,Winter,20,Jan,1,1999
chic,1999-01-21,37,7.526303704,32.6,54.75983579,Winter,21,Jan,1,1999
chic,1999-01-22,42,5.890249243,41.5,16.79826008,Winter,22,Jan,1,1999
chic,1999-01-23,39,8.242540134,35.3,5.817490847,Winter,23,Jan,1,1999
chic,1999-01-24,33,17.14494244,30,18.82103776,Winter,24,Jan,1,1999
chic,1999-01-25,28,10.5674216,24.6,12.74880953,Winter,25,Jan,1,1999
chic,1999-01-26,29,8.855005304,23.4,32.7790293,Winter,26,Jan,1,1999
chic,1999-01-27,42,11.26457581,34,48.6084575,Winter,27,Jan,1,1999
chic,1999-01-28,33,10.58076686,27.4,22.66062271,Winter,28,Jan,1,1999
chic,1999-01-29,33,12.49897025,25.6,27.56446887,Winter,29,Jan,1,1999
chic,1999-01-30,34,17.8815932,28,40.60526907,Winter,30,Jan,1,1999
chic,1999-01-31,36,23.12806104,27.5,20.56721612,Winter,31,Jan,1,1999
chic,1999-02-01,40,7.147065373,38.4,22.6029304,Winter,32,Feb,2,1999
chic,1999-02-02,38,7.980014085,32.4,5.457777675,Winter,33,Feb,2,1999
chic,1999-02-03,41,15.10296027,27.4,41.47957876,Winter,34,Feb,2,1999
chic,1999-02-04,31,17.07570506,21.1,16.49606227,Winter,35,Feb,2,1999
chic,1999-02-05,31,7.190115273,24.2,27.102224,Winter,36,Feb,2,1999
chic,1999-02-06,40,12.09818874,30.4,18.44935898,Winter,37,Feb,2,1999
chic,1999-02-07,33,15.6647266,29.8,24.5235348,Winter,38,Feb,2,1999
chic,1999-02-08,37,7.851604321,36.2,31.50722822,Winter,39,Feb,2,1999
chic,1999-02-09,44,12.03513552,29.8,8.529029307,Winter,40,Feb,2,1999
chic,1999-02-10,44,12.57207016,27.2,49.51804029,Winter,41,Feb,2,1999
chic,1999-02-11,49,14.81587092,47.8,27.31352596,Winter,42,Feb,2,1999
chic,1999-02-12,23,23.94505279,13.1,12.53727107,Winter,43,Feb,2,1999
chic,1999-02-13,23,17.65464822,10.8,21.69661172,Winter,44,Feb,2,1999
chic,1999-02-14,34,15.67563571,21.9,35.71327218,Winter,45,Feb,2,1999
chic,1999-02-15,45,15.75160473,30.6,56.61428571,Winter,46,Feb,2,1999
chic,1999-02-16,39,10.13252463,32.1,29.66373626,Winter,47,Feb,2,1999
chic,1999-02-17,27,14.55313538,20.4,20.35634419,Winter,48,Feb,2,1999
chic,1999-02-18,29,13.57977919,21.8,29.65824176,Winter,49,Feb,2,1999
chic,1999-02-19,28,26.46738717,20.9,8.77912088,Winter,50,Feb,2,1999
chic,1999-02-20,25,25.25822691,17,6.761942762,Winter,51,Feb,2,1999
chic,1999-02-21,28,35.74690833,15.7,NA,Winter,52,Feb,2,1999
chic,1999-02-22,26,28.73954081,9.4,19.81057926,Winter,53,Feb,2,1999
chic,1999-02-23,29,15.68002902,14.9,36.99334293,Winter,54,Feb,2,1999
chic,1999-02-24,27,6.450027134,22.9,53.87926057,Winter,55,Feb,2,1999
chic,1999-02-25,33,9.969505331,26.5,28.88200782,Winter,56,Feb,2,1999
chic,1999-02-26,36,8.255861291,27.9,43.82323492,Winter,57,Feb,2,1999
chic,1999-02-27,43,6.452663152,39.2,32.96730769,Winter,58,Feb,2,1999
chic,1999-02-28,37,15.70905043,32.1,2.00302198,Winter,59,Feb,2,1999
chic,1999-03-01,38,24.6358029,25.3,22.46973833,Winter,60,Mar,3,1999
chic,1999-03-02,37,5.739615668,33.1,29.98928571,Winter,61,Mar,3,1999
chic,1999-03-03,31,21.2970315,18.7,4.9206044,Winter,62,Mar,3,1999
chic,1999-03-04,30,17.51141431,18.4,17.44272034,Winter,63,Mar,3,1999
chic,1999-03-05,35,16.59490893,28.7,29.94313187,Winter,64,Mar,3,1999
chic,1999-03-06,25,35.95396195,19.7,1.84697802,Winter,65,Mar,3,1999
chic,1999-03-07,21,38.56851801,14.4,18.60374476,Winter,66,Mar,3,1999
chic,1999-03-08,24,29.46465989,16.2,42.92664835,Winter,67,Mar,3,1999
chic,1999-03-09,29,26.70677448,26.4,11.91565934,Winter,68,Mar,3,1999
chic,1999-03-10,29,36.94482506,20.3,2.010254856,Winter,69,Mar,3,1999
chic,1999-03-11,28,24.05767003,20.4,13.2253663,Winter,70,Mar,3,1999
chic,1999-03-12,27,32.06890014,19.6,12.23360806,Winter,71,Mar,3,1999
chic,1999-03-13,28,33.90482476,18.1,23.4757415,Winter,72,Mar,3,1999
chic,1999-03-14,32,39.14909493,18.9,3.335256413,Winter,73,Mar,3,1999
chic,1999-03-15,31,15.54066561,19.2,36.48635531,Winter,74,Mar,3,1999
chic,1999-03-16,43,12.75543386,29.8,44.49386447,Winter,75,Mar,3,1999
chic,1999-03-17,50,27.02090598,40.7,29.45247253,Winter,76,Mar,3,1999
chic,1999-03-18,38,26.50227063,27.1,13.44148352,Winter,77,Mar,3,1999
chic,1999-03-19,36,21.98530581,23.7,21.88113254,Winter,78,Mar,3,1999
chic,1999-03-20,39,18.05084975,27.2,31.425,Winter,79,Mar,3,1999
chic,1999-03-21,38,31.74913394,23.2,5.46620879,Winter,80,Mar,3,1999
chic,1999-03-22,36,22.38122106,21.3,23.52794903,Winter,81,Mar,3,1999
chic,1999-03-23,38,13.42644609,21,40.41232073,Winter,82,Mar,3,1999
chic,1999-03-24,35,32.91692417,21.9,19.37111194,Winter,83,Mar,3,1999
chic,1999-03-25,32,30.22006738,23.3,22.73659595,Winter,84,Mar,3,1999
chic,1999-03-26,35,29.91757085,25.9,17.41232073,Winter,85,Mar,3,1999
chic,1999-03-27,41,21.31821868,26.3,35.50847458,Winter,86,Mar,3,1999
chic,1999-03-28,43,18.00209367,33.7,54.24526336,Winter,87,Mar,3,1999
chic,1999-03-29,48,15.82785634,24.5,24.11612963,Winter,88,Mar,3,1999
chic,1999-03-30,55,22.33493812,28.5,97.17107469,Winter,89,Mar,3,1999
chic,1999-03-31,60,28.35575895,41.3,64.19200508,Winter,90,Mar,3,1999
chic,1999-04-01,58,13.04434356,51.7,45.31667908,Spring,91,Apr,4,1999
chic,1999-04-02,64,12.42635286,54.6,45.27821755,Spring,92,Apr,4,1999
chic,1999-04-03,63,12.98439759,57.8,40.40659341,Spring,93,Apr,4,1999
chic,1999-04-04,56,20.54201314,47.3,14.12590799,Spring,94,Apr,4,1999
chic,1999-04-05,50,18.39485504,43.2,16.10392997,Spring,95,Apr,4,1999
chic,1999-04-06,53,21.26039985,42.4,18.55500839,Spring,96,Apr,4,1999
chic,1999-04-07,55,27.17509624,42.7,58.07645744,Spring,97,Apr,4,1999
chic,1999-04-08,55,28.83376837,43.7,35.0325014,Spring,98,Apr,4,1999
chic,1999-04-09,45,28.64008032,40,6.223190607,Spring,99,Apr,4,1999
chic,1999-04-10,47,30.93955098,35,12.4233563,Spring,100,Apr,4,1999
chic,1999-04-11,46,20.43486355,39.7,9.511268392,Spring,101,Apr,4,1999
chic,1999-04-12,45,22.31422499,32.1,26.31823365,Spring,102,Apr,4,1999
chic,1999-04-13,50,18.4290943,33.3,36.41511455,Spring,103,Apr,4,1999
chic,1999-04-14,49,25.70069269,26,62.39588378,Spring,104,Apr,4,1999
chic,1999-04-15,49,33.30460743,39.4,27.44789693,Spring,105,Apr,4,1999
chic,1999-04-16,44,23.65752797,37.3,6.553931525,Spring,106,Apr,4,1999
chic,1999-04-17,44,15.36767577,34,7.540195255,Spring,107,Apr,4,1999
chic,1999-04-18,42,10.94031267,37.1,29.11922548,Spring,108,Apr,4,1999
chic,1999-04-19,42,10.25507157,36.5,45.65283262,Spring,109,Apr,4,1999
chic,1999-04-20,45,20.15808876,39.4,43.59239306,Spring,110,Apr,4,1999
chic,1999-04-21,54,22.51149214,48,32.59560595,Spring,111,Apr,4,1999
chic,1999-04-22,48,9.717691324,47.2,31.47197802,Spring,112,Apr,4,1999
chic,1999-04-23,43,27.18680189,35.6,NA,Spring,113,Apr,4,1999
chic,1999-04-24,44,30.83584827,24.6,16.88223687,Spring,114,Apr,4,1999
chic,1999-04-25,48,30.58304691,30.5,19.71098901,Spring,115,Apr,4,1999
chic,1999-04-26,51,36.41027869,33.4,33.64505495,Spring,116,Apr,4,1999
chic,1999-04-27,50,26.47570696,41.5,29.45234135,Spring,117,Apr,4,1999
chic,1999-04-28,51,28.57303001,38.4,12.71227107,Spring,118,Apr,4,1999
chic,1999-04-29,52,32.83588524,32.7,15.51721612,Spring,119,Apr,4,1999
chic,1999-04-30,51,29.15402576,29,27.20476608,Spring,120,Apr,4,1999
chic,1999-05-01,56,29.71179081,30.5,28.22600733,Spring,121,May,5,1999
chic,1999-05-02,58,42.53538905,37.3,31.13260073,Spring,122,May,5,1999
chic,1999-05-03,64,38.04415057,42.8,51.16158658,Spring,123,May,5,1999
chic,1999-05-04,67,39.14696078,52.2,75.06510989,Spring,124,May,5,1999
chic,1999-05-05,70,32.83490212,57.2,74.00192308,Spring,125,May,5,1999
chic,1999-05-06,58,17.46917865,52.8,24.5732241,Spring,126,May,5,1999
chic,1999-05-07,56,19.58111101,46.9,31.60631868,Spring,127,May,5,1999
chic,1999-05-08,53,10.88682904,48.2,8.57335165,Spring,128,May,5,1999
chic,1999-05-09,51,16.28984636,42.7,7.446090206,Spring,129,May,5,1999
chic,1999-05-10,58,31.67145808,46.5,32.45054945,Spring,130,May,5,1999
chic,1999-05-11,67,31.83543868,52.1,63.43406593,Spring,131,May,5,1999
chic,1999-05-12,62,26.39231903,52.7,43.9866014,Spring,132,May,5,1999
chic,1999-05-13,51,26.16748444,41,16.42582418,Spring,133,May,5,1999
chic,1999-05-14,53,24.63822878,41.3,15.31868132,Spring,134,May,5,1999
chic,1999-05-15,60,20.21414704,54.8,49.20554262,Spring,135,May,5,1999
chic,1999-05-16,69,35.56790249,63.1,44.14725275,Spring,136,May,5,1999
chic,1999-05-17,69,26.72656774,62.6,31.13351648,Spring,137,May,5,1999
chic,1999-05-18,61,20.0231906,52.3,17.57582728,Spring,138,May,5,1999
chic,1999-05-19,61,19.21668451,44.8,25.15824176,Spring,139,May,5,1999
chic,1999-05-20,64,34.41146167,49.1,51.04285714,Spring,140,May,5,1999
chic,1999-05-21,66,44.70101229,56.8,64.9518641,Spring,141,May,5,1999
chic,1999-05-22,59,32.94545999,52.8,8.953388283,Spring,142,May,5,1999
chic,1999-05-23,60,16.03266295,50.7,18.90668498,Spring,143,May,5,1999
chic,1999-05-24,51,15.47942103,40.7,16.08506356,Spring,144,May,5,1999
chic,1999-05-25,56,24.18764115,38.7,33.9231685,Spring,145,May,5,1999
chic,1999-05-26,60,21.52440984,40.4,19.96712454,Spring,146,May,5,1999
chic,1999-05-27,64,23.50689212,41.3,57.0275641,Spring,147,May,5,1999
chic,1999-05-28,75,27.48636703,53.8,43.01657509,Spring,148,May,5,1999
chic,1999-05-29,76,45.50516456,54.4,46.15393773,Spring,149,May,5,1999
chic,1999-05-30,70,49.13631337,56,52.64953087,Spring,150,May,5,1999
chic,1999-05-31,73,27.1240673,63.4,35.36822344,Spring,151,May,5,1999
chic,1999-06-01,65,15.86636789,59.7,32.40119048,Spring,152,Jun,6,1999
chic,1999-06-02,64,12.71101574,57.7,11.44514652,Spring,153,Jun,6,1999
chic,1999-06-03,58,20.49753015,47.7,14.27481685,Spring,154,Jun,6,1999
chic,1999-06-04,64,30.96367468,56.6,31.22811355,Spring,155,Jun,6,1999
chic,1999-06-05,75,27.16082362,68,30.47884635,Spring,156,Jun,6,1999
chic,1999-06-06,80,29.72139934,69.9,49.32152015,Spring,157,Jun,6,1999
chic,1999-06-07,81,33.47200493,63.8,31.31602564,Spring,158,Jun,6,1999
chic,1999-06-08,80,36.22664728,63.2,36.23086081,Spring,159,Jun,6,1999
chic,1999-06-09,79,25.02766007,63.2,48.15119048,Spring,160,Jun,6,1999
chic,1999-06-10,79,26.21821685,66.7,57.07152015,Spring,161,Jun,6,1999
chic,1999-06-11,78,30.26126389,67.5,46.46747881,Spring,162,Jun,6,1999
chic,1999-06-12,75,37.81813142,68.2,39.08800366,Spring,163,Jun,6,1999
chic,1999-06-13,65,25.60318152,63.5,17.12097069,Spring,164,Jun,6,1999
chic,1999-06-14,66,23.2518199,55,10.06053113,Spring,165,Jun,6,1999
chic,1999-06-15,58,24.01318292,37.9,5.181410253,Spring,166,Jun,6,1999
chic,1999-06-16,61,26.57333488,44.7,17.21163003,Spring,167,Jun,6,1999
chic,1999-06-17,57,23.74301258,42.9,16.5204096,Spring,168,Jun,6,1999
chic,1999-06-18,59,25.41338852,47.6,32.22811355,Spring,169,Jun,6,1999
chic,1999-06-19,68,36.60733128,49.9,25.30503663,Spring,170,Jun,6,1999
chic,1999-06-20,67,52.1321487,54.4,34.26108059,Spring,171,Jun,6,1999
chic,1999-06-21,72,50.34700635,59.8,62.25283883,Spring,172,Jun,6,1999
chic,1999-06-22,74,31.71645363,66.2,79.24459707,Spring,173,Jun,6,1999
chic,1999-06-23,76,42.22683125,67.3,61.18142461,Spring,174,Jun,6,1999
chic,1999-06-24,76,25.02507458,65.9,26.2198718,Spring,175,Jun,6,1999
chic,1999-06-25,75,28.67719534,58.2,43.20338828,Spring,176,Jun,6,1999
chic,1999-06-26,76,33.65021661,66.2,40.13195971,Spring,177,Jun,6,1999
chic,1999-06-27,78,38.26099108,70.6,41.201608,Spring,178,Jun,6,1999
chic,1999-06-28,77,28.13532464,69.2,51.23182778,Spring,179,Jun,6,1999
chic,1999-06-29,66,21.56293326,51.1,22.62058111,Spring,180,Jun,6,1999
chic,1999-06-30,68,26.09139161,54.7,30.28402558,Spring,181,Jun,6,1999
chic,1999-07-01,74,23.84949949,64.3,28.33897063,Summer,182,Jul,7,1999
chic,1999-07-02,77,26.20084001,67.3,30.32798162,Summer,183,Jul,7,1999
chic,1999-07-03,84,27.035654,76.2,63.33562271,Summer,184,Jul,7,1999
chic,1999-07-04,86,27.49448236,74.1,41.30057078,Summer,185,Jul,7,1999
chic,1999-07-05,87,31.30838135,74.4,33.77035916,Summer,186,Jul,7,1999
chic,1999-07-06,79,25.19658891,62.7,25.33618722,Summer,187,Jul,7,1999
chic,1999-07-07,75,26.72897657,53.7,23.3553653,Summer,188,Jul,7,1999
chic,1999-07-08,76,35.52733063,60.4,71.36096664,Summer,189,Jul,7,1999
chic,1999-07-09,76,32.11038254,65,30.34474886,Summer,190,Jul,7,1999
chic,1999-07-10,64,21.48088503,51.5,7.333789957,Summer,191,Jul,7,1999
chic,1999-07-11,67,19.31181367,50.3,24.78974362,Summer,192,Jul,7,1999
chic,1999-07-12,68,22.9294964,50.8,44.3283105,Summer,193,Jul,7,1999
chic,1999-07-13,70,30.73674813,55.7,72.38310502,Summer,194,Jul,7,1999
chic,1999-07-14,74,42.50400733,59.2,95.4054988,Summer,195,Jul,7,1999
chic,1999-07-15,78,49.01187304,62.8,84.34942922,Summer,196,Jul,7,1999
chic,1999-07-16,82,43.07105935,68.3,109.322032,Summer,197,Jul,7,1999
chic,1999-07-17,75,23.91190495,70.6,32.92819402,Summer,198,Jul,7,1999
chic,1999-07-18,77,29.7758458,66.6,28.36038813,Summer,199,Jul,7,1999
chic,1999-07-19,79,24.44879189,70.1,35.38778539,Summer,200,Jul,7,1999
chic,1999-07-20,76,27.10619561,70.4,28.4857867,Summer,201,Jul,7,1999
chic,1999-07-21,83,26.81558556,72.1,36.48607306,Summer,202,Jul,7,1999
chic,1999-07-22,82,25.54246136,73.4,31.60114155,Summer,203,Jul,7,1999
chic,1999-07-23,83,22.96911804,72.8,35.45199549,Summer,204,Jul,7,1999
chic,1999-07-24,82,31.58697336,73.2,17.58470319,Summer,205,Jul,7,1999
chic,1999-07-25,85,35.94505139,70.6,19.54634703,Summer,206,Jul,7,1999
chic,1999-07-26,80,20.98616994,69.5,49.5946347,Summer,207,Jul,7,1999
chic,1999-07-27,79,23.72908536,68.3,26.5727169,Summer,208,Jul,7,1999
chic,1999-07-28,82,30.43287306,71.8,34.58641552,Summer,209,Jul,7,1999
chic,1999-07-29,83,27.57127651,76.6,45.56168755,Summer,210,Jul,7,1999
chic,1999-07-30,90,30.93987065,77.1,63.56723744,Summer,211,Jul,7,1999
chic,1999-07-31,83,34.49725639,71.4,29.56723744,Summer,212,Jul,7,1999
chic,1999-08-01,74,23.91280335,60.1,8.564497713,Summer,213,Aug,8,1999
chic,1999-08-02,71,16.00891934,56.3,11.54805936,Summer,214,Aug,8,1999
chic,1999-08-03,71,21.18970346,59,28.53710046,Summer,215,Aug,8,1999
chic,1999-08-04,76,21.25184836,58.3,32.91134086,Summer,216,Aug,8,1999
chic,1999-08-05,73,18.77458569,55.6,19.50422374,Summer,217,Aug,8,1999
chic,1999-08-06,76,26.14627451,62,46.5097032,Summer,218,Aug,8,1999
chic,1999-08-07,72,19.67568979,67.7,39.55901826,Summer,219,Aug,8,1999
chic,1999-08-08,66,23.71123663,57,4.517922373,Summer,220,Aug,8,1999
chic,1999-08-09,66,20.24130486,56.2,29.53984018,Summer,221,Aug,8,1999
chic,1999-08-10,78,29.44721446,63.8,32.2807363,Summer,222,Aug,8,1999
chic,1999-08-11,75,16.09171221,61.1,38.42477169,Summer,223,Aug,8,1999
chic,1999-08-12,70,13.11329518,65.9,30.42477169,Summer,224,Aug,8,1999
chic,1999-08-13,72,20.44144797,65.6,30.55627854,Summer,225,Aug,8,1999
chic,1999-08-14,64,21.07934054,52.7,4.531621003,Summer,226,Aug,8,1999
chic,1999-08-15,66,17.89959257,54.4,13.48778538,Summer,227,Aug,8,1999
chic,1999-08-16,73,26.92019035,57.9,36.84863857,Summer,228,Aug,8,1999
chic,1999-08-17,75,26.34870663,60.6,33.61655251,Summer,229,Aug,8,1999
chic,1999-08-18,67,5.039963028,62.7,36.64121005,Summer,230,Aug,8,1999
chic,1999-08-19,68,22.00572671,62.3,14.57271689,Summer,231,Aug,8,1999
chic,1999-08-20,67,21.73987833,57.2,16.60833333,Summer,232,Aug,8,1999
chic,1999-08-21,65,17.00780536,57.4,27.60833333,Summer,233,Aug,8,1999
chic,1999-08-22,67,21.07465527,57.1,32.12434861,Summer,234,Aug,8,1999
chic,1999-08-23,72,19.6448236,64.2,39.43299087,Summer,235,Aug,8,1999
chic,1999-08-24,71,27.2438224,67.1,32.331621,Summer,236,Aug,8,1999
chic,1999-08-25,70,31.18079236,66.1,21.1836758,Summer,237,Aug,8,1999
chic,1999-08-26,72,24.27684277,64.6,31.23847032,Summer,238,Aug,8,1999
chic,1999-08-27,74,22.64189692,66.1,60.15079909,Summer,239,Aug,8,1999
chic,1999-08-28,80,29.82905184,69.7,58.6077761,Summer,240,Aug,8,1999
chic,1999-08-29,69,28.76220175,56,12.2576484,Summer,241,Aug,8,1999
chic,1999-08-30,62,23.4572281,51.8,16.19189497,Summer,242,Aug,8,1999
chic,1999-08-31,65,23.00395667,54.4,31.09600457,Summer,243,Aug,8,1999
chic,1999-09-01,70,34.70643513,57.3,78.13710046,Summer,244,Sep,9,1999
chic,1999-09-02,74,38.7774172,62.1,98.131621,Summer,245,Sep,9,1999
chic,1999-09-03,76,47.01808928,61.5,76.93613871,Summer,246,Sep,9,1999
chic,1999-09-04,79,54.46578716,61.6,63.09600457,Summer,247,Sep,9,1999
chic,1999-09-05,77,53.22070908,63.5,56.0466895,Summer,248,Sep,9,1999
chic,1999-09-06,66,24.28898892,54.9,10.90970319,Summer,249,Sep,9,1999
chic,1999-09-07,65,14.29205562,55.2,24.89052511,Summer,250,Sep,9,1999
chic,1999-09-08,71,17.32443752,54.2,35.67682648,Summer,251,Sep,9,1999
chic,1999-09-09,62,11.81512422,46.6,39.44636251,Summer,252,Sep,9,1999
chic,1999-09-10,62,13.1296235,45.2,48.65216895,Summer,253,Sep,9,1999
chic,1999-09-11,64,19.56084961,48.7,40.67956621,Summer,254,Sep,9,1999
chic,1999-09-12,68,23.81063283,58.9,27.67956621,Summer,255,Sep,9,1999
chic,1999-09-13,59,6.246615648,49.9,11.56449771,Summer,256,Sep,9,1999
chic,1999-09-14,59,8.615104538,44.4,17.54531963,Summer,257,Sep,9,1999
chic,1999-09-15,55,9.027476618,46.2,26.10771067,Summer,258,Sep,9,1999
chic,1999-09-16,59,12.51966101,47.8,19.64668949,Summer,259,Sep,9,1999
chic,1999-09-17,59,13.71782471,48.1,21.66038812,Summer,260,Sep,9,1999
chic,1999-09-18,62,18.6754664,49,50.65490868,Summer,261,Sep,9,1999
chic,1999-09-19,64,29.36273339,53.5,49.68230594,Summer,262,Sep,9,1999
chic,1999-09-20,58,11.98512893,45.9,9.657648403,Summer,263,Sep,9,1999
chic,1999-09-21,51,14.56536103,44.6,13.7017885,Summer,264,Sep,9,1999
chic,1999-09-22,57,12.01744716,39.8,23.56449772,Summer,265,Sep,9,1999
chic,1999-09-23,66,22.4273639,46.3,48.43025114,Summer,266,Sep,9,1999
chic,1999-09-24,57,19.72000162,47.1,5.367237443,Summer,267,Sep,9,1999
chic,1999-09-25,62,25.48207159,48.4,36.37271689,Summer,268,Sep,9,1999
chic,1999-09-26,72,43.63367584,49.3,91.39189498,Summer,269,Sep,9,1999
chic,1999-09-27,66,35.49187486,58.7,25.87258876,Summer,270,Sep,9,1999
chic,1999-09-28,58,16.36287844,56.7,8.556278543,Summer,271,Sep,9,1999
chic,1999-09-29,56,11.23323479,43.7,3.769977173,Summer,272,Sep,9,1999
chic,1999-09-30,56,13.01493143,38.9,29.00011416,Summer,273,Sep,9,1999
chic,1999-10-01,51,7.9057477,35,23.95353881,Autumn,274,Oct,10,1999
chic,1999-10-02,46,9.355331731,40.8,15.93710045,Autumn,275,Oct,10,1999
chic,1999-10-03,44,15.05900106,40.2,17.55543128,Autumn,276,Oct,10,1999
chic,1999-10-04,47,15.546915,38,14.89600456,Autumn,277,Oct,10,1999
chic,1999-10-05,51,8.446929842,36.8,39.91244292,Autumn,278,Oct,10,1999
chic,1999-10-06,52,17.82529778,41.8,24.74531963,Autumn,279,Oct,10,1999
chic,1999-10-07,59,13.73910933,42.4,29.71792237,Autumn,280,Oct,10,1999
chic,1999-10-08,61,13.53299551,54.1,62.75079909,Autumn,281,Oct,10,1999
chic,1999-10-09,59,4.535930006,57.6,50.75386346,Autumn,282,Oct,10,1999
chic,1999-10-10,66,22.02754809,58,23.67682648,Autumn,283,Oct,10,1999
chic,1999-10-11,55,14.50368633,46.1,28.64121005,Autumn,284,Oct,10,1999
chic,1999-10-12,62,19.51930118,47.2,81.64942922,Autumn,285,Oct,10,1999
chic,1999-10-13,56,13.7177289,44,27.68778539,Autumn,286,Oct,10,1999
chic,1999-10-14,48,10.07176479,34.8,31.73436073,Autumn,287,Oct,10,1999
chic,1999-10-15,64,23.24934226,46.3,47.28563957,Autumn,288,Oct,10,1999
chic,1999-10-16,58,21.46195338,54.2,53.39189498,Autumn,289,Oct,10,1999
chic,1999-10-17,45,13.89697418,33.8,1.364497713,Autumn,290,Oct,10,1999
chic,1999-10-18,44,4.391250812,34.4,20.38093607,Autumn,291,Oct,10,1999
chic,1999-10-19,50,8.292623786,33.5,47.41381279,Autumn,292,Oct,10,1999
chic,1999-10-20,44,6.106025343,30.7,30.39189498,Autumn,293,Oct,10,1999
chic,1999-10-21,52,9.527823559,36.3,39.38174399,Autumn,294,Oct,10,1999
chic,1999-10-22,51,18.53954048,26.6,22.50422374,Autumn,295,Oct,10,1999
chic,1999-10-23,43,19.39470696,25.7,6.468607303,Autumn,296,Oct,10,1999
chic,1999-10-24,40,13.15207141,22.1,5.424771693,Autumn,297,Oct,10,1999
chic,1999-10-25,50,12.16630831,28.1,59.44394977,Autumn,298,Oct,10,1999
chic,1999-10-26,53,10.99278769,29.4,51.49874429,Autumn,299,Oct,10,1999
chic,1999-10-27,48,9.042983723,37,41.51364578,Autumn,300,Oct,10,1999
chic,1999-10-28,64,13.73504942,43.3,83.28230594,Autumn,301,Oct,10,1999
chic,1999-10-29,62,25.02849178,47,93.15079909,Autumn,302,Oct,10,1999
chic,1999-10-30,66,36.84166409,50.7,88.1727169,Autumn,303,Oct,10,1999
chic,1999-10-31,58,14.89623709,49.3,42.18915525,Autumn,304,Oct,10,1999
chic,1999-11-01,59,15.20789743,46.9,59.14257991,Autumn,305,Nov,11,1999
chic,1999-11-02,42,19.02615177,22.6,21.79279489,Autumn,306,Nov,11,1999
chic,1999-11-03,37,15.57670522,17.7,26.24394977,Autumn,307,Nov,11,1999
chic,1999-11-04,46,12.91747821,24.2,120.2329909,Autumn,308,Nov,11,1999
chic,1999-11-05,55,14.50474618,34.3,51.12730632,Autumn,309,Nov,11,1999
chic,1999-11-06,45,14.70268839,20.3,30.05159817,Autumn,310,Nov,11,1999
chic,1999-11-07,44,20.23691168,32.3,41.9803653,Autumn,311,Nov,11,1999
chic,1999-11-08,55,10.03590825,41,46.49415264,Autumn,312,Nov,11,1999
chic,1999-11-09,67,23.37744177,48.5,55.78310502,Autumn,313,Nov,11,1999
chic,1999-11-10,58,24.53162977,46.7,50.91461187,Autumn,314,Nov,11,1999
chic,1999-11-11,44,21.40969883,38,14.75744331,Autumn,315,Nov,11,1999
chic,1999-11-12,47,7.466576382,41.2,67.67283105,Autumn,316,Nov,11,1999
chic,1999-11-13,54,15.47228373,43.8,82.67283105,Autumn,317,Nov,11,1999
chic,1999-11-14,45,22.98259973,30.5,24.64716009,Autumn,318,Nov,11,1999
chic,1999-11-15,41,9.997374579,26.3,14.79885845,Autumn,319,Nov,11,1999
chic,1999-11-16,38,17.23500991,29.3,12.76598174,Autumn,320,Nov,11,1999
chic,1999-11-17,40,11.74941298,25,27.85825594,Autumn,321,Nov,11,1999
chic,1999-11-18,58,18.05852569,36.2,85.86438356,Autumn,322,Nov,11,1999
chic,1999-11-19,49,16.21544273,37.7,75.00684932,Autumn,323,Nov,11,1999
chic,1999-11-20,39,4.947941986,35.2,38.48061758,Autumn,324,Nov,11,1999
chic,1999-11-21,42,5.338232582,42,46.09452055,Autumn,325,Nov,11,1999
chic,1999-11-22,54,9.170792264,46,52.95753425,Autumn,326,Nov,11,1999
chic,1999-11-23,52,11.31733225,50,33.05813985,Autumn,327,Nov,11,1999
chic,1999-11-24,40,10.06665499,30.7,14.25148401,Autumn,328,Nov,11,1999
chic,1999-11-25,36,9.685306187,27.8,25.15833333,Autumn,329,Nov,11,1999
chic,1999-11-26,37,10.54697451,32.2,30.1752786,Autumn,330,Nov,11,1999
chic,1999-11-27,41,10.17153136,30.1,10.17477169,Autumn,331,Nov,11,1999
chic,1999-11-28,34,10.61253134,25,6.289840183,Autumn,332,Nov,11,1999
chic,1999-11-29,32,10.90783955,19.9,12.23132304,Autumn,333,Nov,11,1999
chic,1999-11-30,30,8.230377906,15.3,20.28299086,Autumn,334,Nov,11,1999
chic,1999-12-01,36,8.773448562,20.8,46.22545662,Autumn,335,Dec,12,1999
chic,1999-12-02,50,10.41324636,32.9,32.78415052,Autumn,336,Dec,12,1999
chic,1999-12-03,53,12.59924443,48,58.07751142,Autumn,337,Dec,12,1999
chic,1999-12-04,49,6.400569345,48.5,50.14326484,Autumn,338,Dec,12,1999
chic,1999-12-05,39,13.90386275,34.3,NA,Autumn,339,Dec,12,1999
chic,1999-12-06,29,10.38755952,22.6,11.25684932,Autumn,340,Dec,12,1999
chic,1999-12-07,33,7.705739065,29.1,30.22123288,Autumn,341,Dec,12,1999
chic,1999-12-08,38,6.523389934,33.5,30.06832436,Autumn,342,Dec,12,1999
chic,1999-12-09,43,8.431723598,38.6,56.04589041,Autumn,343,Dec,12,1999
chic,1999-12-10,31,10.92264781,23.4,12.96917808,Autumn,344,Dec,12,1999
chic,1999-12-11,31,8.320938703,25,21.79461535,Autumn,345,Dec,12,1999
chic,1999-12-12,35,5.447432819,30.6,14.73390411,Autumn,346,Dec,12,1999
chic,1999-12-13,35,11.13118213,31.2,38.75582192,Autumn,347,Dec,12,1999
chic,1999-12-14,38,15.03473246,34.2,16.26387605,Autumn,348,Dec,12,1999
chic,1999-12-15,36,5.677684349,33.9,17.59965753,Autumn,349,Dec,12,1999
chic,1999-12-16,27,7.291623804,20.3,9.59417808,Autumn,350,Dec,12,1999
chic,1999-12-17,23,13.00435145,17.9,9.728676186,Autumn,351,Dec,12,1999
chic,1999-12-18,19,10.55951288,14.6,21.62431507,Autumn,352,Dec,12,1999
chic,1999-12-19,32,7.753863732,29.1,30.67363014,Autumn,353,Dec,12,1999
chic,1999-12-20,21,16.03593849,11,23.11469488,Autumn,354,Dec,12,1999
chic,1999-12-21,8,11.03988563,-1.6,20.73390411,Autumn,355,Dec,12,1999
chic,1999-12-22,13,7.549291128,5.8,22.91746575,Autumn,356,Dec,12,1999
chic,1999-12-23,10,9.43534175,3.8,35.79134161,Autumn,357,Dec,12,1999
chic,1999-12-24,14,11.42243909,4.7,27.7163242,Autumn,358,Dec,12,1999
chic,1999-12-25,19,10.56227728,14,42.75468037,Autumn,359,Dec,12,1999
chic,1999-12-26,28,24.35506668,14.3,25.43463856,Autumn,360,Dec,12,1999
chic,1999-12-27,19,15.30820957,11.6,20.88892694,Autumn,361,Dec,12,1999
chic,1999-12-28,21,11.37063254,16.4,12.98481735,Autumn,362,Dec,12,1999
chic,1999-12-29,36,7.359955525,30.2,22.01615912,Autumn,363,Dec,12,1999
chic,1999-12-30,34,12.75853931,28.9,5.930371903,Autumn,364,Dec,12,1999
chic,1999-12-31,34,8.920877662,25.9,22.9138582,Autumn,365,Dec,12,1999
chic,2000-01-01,42,8.655287013,32.2,31.3775998,Winter,1,Jan,1,2000
chic,2000-01-02,48,19.0010659,42.3,43.98333333,Winter,2,Jan,1,2000
chic,2000-01-03,35,13.34084349,33.7,5.003040853,Winter,3,Jan,1,2000
chic,2000-01-04,28,15.28810587,22.2,10.00198766,Winter,4,Jan,1,2000
chic,2000-01-05,20,8.162988886,16.6,21.96162465,Winter,5,Jan,1,2000
chic,2000-01-06,34,7.430181643,25.3,32.94201681,Winter,6,Jan,1,2000
chic,2000-01-07,25,10.83822717,13.3,27.25266458,Winter,7,Jan,1,2000
chic,2000-01-08,37,9.419924715,28.5,25.01204482,Winter,8,Jan,1,2000
chic,2000-01-09,39,6.055678078,38.5,25.87759104,Winter,9,Jan,1,2000
chic,2000-01-10,42,11.03392121,34.9,8.893057736,Winter,10,Jan,1,2000
chic,2000-01-11,33,14.48743846,21.5,8.914285717,Winter,11,Jan,1,2000
chic,2000-01-12,31,16.80751625,21.7,12.04313726,Winter,12,Jan,1,2000
chic,2000-01-13,25,12.1769015,18.4,20.67346832,Winter,13,Jan,1,2000
chic,2000-01-14,20,7.394820504,14.5,30.37366947,Winter,14,Jan,1,2000
chic,2000-01-15,34,7.443982993,24.2,42.63137255,Winter,15,Jan,1,2000
chic,2000-01-16,31,22.85703987,19.4,6.73332265,Winter,16,Jan,1,2000
chic,2000-01-17,22,21.89129688,12.7,21.72072829,Winter,17,Jan,1,2000
chic,2000-01-18,25,6.874074541,20.9,18.77114846,Winter,18,Jan,1,2000
chic,2000-01-19,21,5.750731803,15.7,35.53881672,Winter,19,Jan,1,2000
chic,2000-01-20,10,15.36940523,2.1,12.81036415,Winter,20,Jan,1,2000
chic,2000-01-21,5,9.050500215,-3.2,45.85518207,Winter,21,Jan,1,2000
chic,2000-01-22,17,8.265631388,14.5,29.99978517,Winter,22,Jan,1,2000
chic,2000-01-23,16,16.89340132,4.3,18.90343137,Winter,23,Jan,1,2000
chic,2000-01-24,6,8.840343553,-0.6,33.87261905,Winter,24,Jan,1,2000
chic,2000-01-25,17,13.17743453,8.5,24.39842065,Winter,25,Jan,1,2000
chic,2000-01-26,15,12.15950441,5.4,26.72696078,Winter,26,Jan,1,2000
chic,2000-01-27,20,14.70925368,11.5,26.64572829,Winter,27,Jan,1,2000
chic,2000-01-28,21,8.974515396,14.5,49.72413593,Winter,28,Jan,1,2000
chic,2000-01-29,24,25.95139603,19.1,26.85581233,Winter,29,Jan,1,2000
chic,2000-01-30,28,11.19516286,23.3,23.89222689,Winter,30,Jan,1,2000
chic,2000-01-31,20,13.11473378,14.4,35.1213662,Winter,31,Jan,1,2000
chic,2000-02-01,25,12.21563269,16.5,25.79978992,Winter,32,Feb,2,2000
chic,2000-02-02,21,9.548223283,16,38.79418768,Winter,33,Feb,2,2000
chic,2000-02-03,33,11.69170793,26.7,18.84171177,Winter,34,Feb,2,2000
chic,2000-02-04,25,14.34272805,19,13.81393557,Winter,35,Feb,2,2000
chic,2000-02-05,21,13.6010116,16.5,20.83354341,Winter,36,Feb,2,2000
chic,2000-02-06,23,9.188339443,21.6,37.99634035,Winter,37,Feb,2,2000
chic,2000-02-07,26,17.67217143,23.3,15.80553221,Winter,38,Feb,2,2000
chic,2000-02-08,22,13.41659148,21.6,43.80553221,Winter,39,Feb,2,2000
chic,2000-02-09,41,14.03768044,30.2,36.76911765,Winter,40,Feb,2,2000
chic,2000-02-10,35,11.67976263,32.1,48.78872549,Winter,41,Feb,2,2000
chic,2000-02-11,24,22.12836574,13.9,8.802731093,Winter,42,Feb,2,2000
chic,2000-02-12,24,26.07694923,14.5,30.67867989,Winter,43,Feb,2,2000
chic,2000-02-13,30,15.74244588,26.8,36.74390756,Winter,44,Feb,2,2000
chic,2000-02-14,26,16.32894503,22.5,14.60385154,Winter,45,Feb,2,2000
chic,2000-02-15,31,8.546350216,28.1,28.64026611,Winter,46,Feb,2,2000
chic,2000-02-16,28,19.18855246,19,19.68508403,Winter,47,Feb,2,2000
chic,2000-02-17,27,18.30194637,18.6,35.72710084,Winter,48,Feb,2,2000
chic,2000-02-18,30,26.32658324,27.8,22.04412723,Winter,49,Feb,2,2000
chic,2000-02-19,29,23.35381687,21.7,7.760714283,Winter,50,Feb,2,2000
chic,2000-02-20,27,24.36073708,19.7,19.81673669,Winter,51,Feb,2,2000
chic,2000-02-21,35,12.48984186,29.1,48.83634454,Winter,52,Feb,2,2000
chic,2000-02-22,49,10.44545087,40.3,55.80833333,Winter,53,Feb,2,2000
chic,2000-02-23,59,27.48161548,40.6,85.7355042,Winter,54,Feb,2,2000
chic,2000-02-24,49,17.25156517,49.9,24.30490755,Winter,55,Feb,2,2000
chic,2000-02-25,55,17.53819906,50.3,59.5842437,Winter,56,Feb,2,2000
chic,2000-02-26,56,26.03142814,51.7,35.58984594,Winter,57,Feb,2,2000
chic,2000-02-27,45,24.95315032,30.7,NA,Winter,58,Feb,2,2000
chic,2000-02-28,43,13.2874168,26.8,24.68508403,Winter,59,Feb,2,2000
chic,2000-02-29,54,21.0465762,34.4,42.59264706,Winter,60,Feb,2,2000
chic,2000-03-01,46,25.69095992,32.9,16.71075244,Winter,61,Mar,3,2000
chic,2000-03-02,33,28.68319485,23.8,5.533823533,Winter,62,Mar,3,2000
chic,2000-03-03,35,25.00734207,24.1,32.6262605,Winter,63,Mar,3,2000
chic,2000-03-04,46,15.32266804,30.7,25.78592437,Winter,64,Mar,3,2000
chic,2000-03-05,52,15.22615911,36.5,18.83634453,Winter,65,Mar,3,2000
chic,2000-03-06,51,18.65702448,32.1,63.99040616,Winter,66,Mar,3,2000
chic,2000-03-07,66,22.87103998,49.7,39.42904468,Winter,67,Mar,3,2000
chic,2000-03-08,67,28.62237693,50.9,88.97359944,Winter,68,Mar,3,2000
chic,2000-03-09,46,21.17884728,32.7,15.89516806,Winter,69,Mar,3,2000
chic,2000-03-10,30,22.15045297,21.9,5.853151263,Winter,70,Mar,3,2000
chic,2000-03-11,30,29.1230401,19,0.886764703,Winter,71,Mar,3,2000
chic,2000-03-12,34,17.00558487,19.3,10.94558823,Winter,72,Mar,3,2000
chic,2000-03-13,39,8.220951952,33.4,38.18589395,Winter,73,Mar,3,2000
chic,2000-03-14,45,16.05696432,32.6,41.87836134,Winter,74,Mar,3,2000
chic,2000-03-15,50,18.33478614,41.9,32.76071429,Winter,75,Mar,3,2000
chic,2000-03-16,33,37.35177756,22.3,0.752310923,Winter,76,Mar,3,2000
chic,2000-03-17,32,35.73795321,18.5,6.783123253,Winter,77,Mar,3,2000
chic,2000-03-18,34,22.7387212,20.8,14.80833333,Winter,78,Mar,3,2000
chic,2000-03-19,39,15.69855789,34.1,30.7789129,Winter,79,Mar,3,2000
chic,2000-03-20,49,15.23763819,46.4,12.81953781,Winter,80,Mar,3,2000
chic,2000-03-21,47,3.117767888,45.3,41.59544818,Winter,81,Mar,3,2000
chic,2000-03-22,51,8.406148615,44,52.57584034,Winter,82,Mar,3,2000
chic,2000-03-23,50,15.46453962,43.7,66.62065826,Winter,83,Mar,3,2000
chic,2000-03-24,57,18.91664027,49,39.67387955,Winter,84,Mar,3,2000
chic,2000-03-25,53,32.47255536,32.8,20.7079756,Winter,85,Mar,3,2000
chic,2000-03-26,52,30.7521755,31.8,26.76911765,Winter,86,Mar,3,2000
chic,2000-03-27,47,28.53933451,31.2,8.015616243,Winter,87,Mar,3,2000
chic,2000-03-28,39,15.30290878,31.1,8.004411763,Winter,88,Mar,3,2000
chic,2000-03-29,40,18.09021186,29.3,17.95399159,Winter,89,Mar,3,2000
chic,2000-03-30,40,22.06870592,31,31.92037815,Winter,90,Mar,3,2000
chic,2000-03-31,45,12.26151237,28.1,53.56709943,Winter,91,Mar,3,2000
chic,2000-04-01,52,14.20302896,33.9,49.72990196,Spring,92,Apr,4,2000
chic,2000-04-02,51,21.89346162,42.5,36.52261905,Spring,93,Apr,4,2000
chic,2000-04-03,52,16.80925147,34.3,29.39936975,Spring,94,Apr,4,2000
chic,2000-04-04,38,22.54098323,19.7,8.337745093,Spring,95,Apr,4,2000
chic,2000-04-05,44,21.07321191,23.8,68.43018207,Spring,96,Apr,4,2000
chic,2000-04-06,53,23.21178137,27.3,77.61295322,Spring,97,Apr,4,2000
chic,2000-04-07,41,14.06344418,32.7,21.53662465,Spring,98,Apr,4,2000
chic,2000-04-08,34,25.54224589,23,25.69908964,Spring,99,Apr,4,2000
chic,2000-04-09,45,22.04734807,26.7,16.87556022,Spring,100,Apr,4,2000
chic,2000-04-10,37,27.67970973,28.1,20.89796918,Spring,101,Apr,4,2000
chic,2000-04-11,34,21.43156739,33.1,8.889565823,Spring,102,Apr,4,2000
chic,2000-04-12,39,19.54124702,25.3,32.42646587,Spring,103,Apr,4,2000
chic,2000-04-13,49,19.7802867,28.3,43.67948179,Spring,104,Apr,4,2000
chic,2000-04-14,58,22.35771225,42.8,104.4217787,Spring,105,Apr,4,2000
chic,2000-04-15,56,22.12613804,46.9,50.39376751,Spring,106,Apr,4,2000
chic,2000-04-16,44,17.0643968,40.9,15.4890056,Spring,107,Apr,4,2000
chic,2000-04-17,41,14.450478,38.9,8.393767503,Spring,108,Apr,4,2000
chic,2000-04-18,48,7.35767485,42.5,40.61988662,Spring,109,Apr,4,2000
chic,2000-04-19,52,7.965098215,48.8,49.27892157,Spring,110,Apr,4,2000
chic,2000-04-20,53,12.20330193,50.2,18.20889355,Spring,111,Apr,4,2000
chic,2000-04-21,44,28.24375954,35,0.203291313,Spring,112,Apr,4,2000
chic,2000-04-22,48,20.58798814,31.4,10.17808123,Spring,113,Apr,4,2000
chic,2000-04-23,47,31.5888819,40.3,19.08844537,Spring,114,Apr,4,2000
chic,2000-04-24,52,33.14556941,32.6,22.94254884,Spring,115,Apr,4,2000
chic,2000-04-25,49,34.41221594,23.4,11.00161064,Spring,116,Apr,4,2000
chic,2000-04-26,52,26.75137514,24.2,29.04922969,Spring,117,Apr,4,2000
chic,2000-04-27,53,23.20134194,26.3,86.95097802,Spring,118,Apr,4,2000
chic,2000-04-28,54,28.32613228,32.2,61.03578431,Spring,119,Apr,4,2000
chic,2000-04-29,48,21.69667378,39.1,7.293487397,Spring,120,Apr,4,2000
chic,2000-04-30,54,22.72783785,40,40.318595,Spring,121,Apr,4,2000
chic,2000-05-01,57,20.52207473,49.2,46.54838936,Spring,122,May,5,2000
chic,2000-05-02,57,24.9236294,43.1,26.59880952,Spring,123,May,5,2000
chic,2000-05-03,63,30.53648482,48.6,59.5897047,Spring,124,May,5,2000
chic,2000-05-04,72,29.97829595,58.1,76.49166548,Spring,125,May,5,2000
chic,2000-05-05,74,32.48649062,59.3,77.77457865,Spring,126,May,5,2000
chic,2000-05-06,74,31.00641044,61.3,38.45315961,Spring,127,May,5,2000
chic,2000-05-07,71,24.23219177,65,33.84180554,Spring,128,May,5,2000
chic,2000-05-08,76,23.69747107,67.5,100.8810212,Spring,129,May,5,2000
chic,2000-05-09,59,20.79943663,55,9.984709741,Spring,130,May,5,2000
chic,2000-05-10,55,19.41794057,45,15.02805631,Spring,131,May,5,2000
chic,2000-05-11,67,19.03702823,59.9,47.15970897,Spring,132,May,5,2000
chic,2000-05-12,73,21.78954567,66.8,40.32275228,Spring,133,May,5,2000
chic,2000-05-13,53,23.33708559,38.4,15.3277762,Spring,134,May,5,2000
chic,2000-05-14,52,30.3625404,33,14.53786023,Spring,135,May,5,2000
chic,2000-05-15,57,17.94537844,35,33.56043659,Spring,136,May,5,2000
chic,2000-05-16,61,18.20306688,49.6,43.4355042,Spring,137,May,5,2000
chic,2000-05-17,61,14.22377741,56.5,49.39068627,Spring,138,May,5,2000
chic,2000-05-18,58,27.81459496,51.8,29.97156006,Spring,139,May,5,2000
chic,2000-05-19,46,25.20144639,40.3,NA,Spring,140,May,5,2000
chic,2000-05-20,55,23.15923734,37.8,15.76323529,Spring,141,May,5,2000
chic,2000-05-21,57,25.52912562,48.6,27.79404762,Spring,142,May,5,2000
chic,2000-05-22,67,18.12450827,56.4,69.88928571,Spring,143,May,5,2000
chic,2000-05-23,69,23.3766169,52,41.98172269,Spring,144,May,5,2000
chic,2000-05-24,68,32.66796114,42.2,59.435444,Spring,145,May,5,2000
chic,2000-05-25,64,28.65525742,36.5,54.94530812,Spring,146,May,5,2000
chic,2000-05-26,61,16.74385215,48.5,68.92009804,Spring,147,May,5,2000
chic,2000-05-27,60,31.00181709,55.9,26.9004902,Spring,148,May,5,2000
chic,2000-05-28,55,24.87624519,52,4.900490193,Spring,149,May,5,2000
chic,2000-05-29,56,25.10399508,47.4,6.822058823,Spring,150,May,5,2000
chic,2000-05-30,65,25.92074545,61.4,35.94573909,Spring,151,May,5,2000
chic,2000-05-31,67,13.32290265,64.8,53.80245098,Spring,152,May,5,2000
chic,2000-06-01,73,31.65320342,65.5,59.90329132,Spring,153,Jun,6,2000
chic,2000-06-02,60,24.98646717,52.8,21.16939776,Spring,154,Jun,6,2000
chic,2000-06-03,55,28.94772466,44.9,8.331862743,Spring,155,Jun,6,2000
chic,2000-06-04,56,27.62222898,50.6,14.4355042,Spring,156,Jun,6,2000
chic,2000-06-05,54,30.35649938,47,20.65695677,Spring,157,Jun,6,2000
chic,2000-06-06,60,20.12780664,41.8,45.34306723,Spring,158,Jun,6,2000
chic,2000-06-07,64,31.61048258,46.8,96.38228291,Spring,159,Jun,6,2000
chic,2000-06-08,78,49.30276012,59.8,54.46071429,Spring,160,Jun,6,2000
chic,2000-06-09,77,54.18005148,57.5,86.57556022,Spring,161,Jun,6,2000
chic,2000-06-10,80,31.05064327,67,89.50273109,Spring,162,Jun,6,2000
chic,2000-06-11,70,15.02874049,66.8,26.05013429,Spring,163,Jun,6,2000
chic,2000-06-12,57,8.301824372,56,10.46058052,Spring,164,Jun,6,2000
chic,2000-06-13,69,11.74565398,63.8,32.48579812,Spring,165,Jun,6,2000
chic,2000-06-14,72,25.58810402,64.6,42.40692488,Spring,166,Jun,6,2000
chic,2000-06-15,70,24.92798947,58.8,20.39847418,Spring,167,Jun,6,2000
chic,2000-06-16,67,21.57814156,60.3,24.31678404,Spring,168,Jun,6,2000
chic,2000-06-17,60,24.94275995,45.3,15.64226759,Spring,169,Jun,6,2000
chic,2000-06-18,65,27.92134118,46.9,8.347769953,Spring,170,Jun,6,2000
chic,2000-06-19,66,28.9653551,57,43.35340376,Spring,171,Jun,6,2000
chic,2000-06-20,74,19.3872155,68.6,33.33368545,Spring,172,Jun,6,2000
chic,2000-06-21,74,24.86804851,58,13.27453051,Spring,173,Jun,6,2000
chic,2000-06-22,72,27.34968233,56.2,13.30551643,Spring,174,Jun,6,2000
chic,2000-06-23,71,23.0059731,61.7,33.12367624,Spring,175,Jun,6,2000
chic,2000-06-24,71,21.43017107,67.5,30.36748826,Spring,176,Jun,6,2000
chic,2000-06-25,75,28.72455008,65.1,16.42946009,Spring,177,Jun,6,2000
chic,2000-06-26,72,20.49043109,63.9,18.37030516,Spring,178,Jun,6,2000
chic,2000-06-27,68,18.65549392,52.6,17.36748826,Spring,179,Jun,6,2000
chic,2000-06-28,62,8.919470575,57,NA,Spring,180,Jun,6,2000
chic,2000-06-29,66,18.80236511,52.3,27.48055556,Spring,181,Jun,6,2000
chic,2000-06-30,66,19.45676837,54.7,NA,Spring,182,Jun,6,2000
chic,2000-07-01,71,32.85067192,61.2,NA,Summer,183,Jul,7,2000
chic,2000-07-02,74,33.88893005,70,NA,Summer,184,Jul,7,2000
chic,2000-07-03,68,20.34244975,64.7,NA,Summer,185,Jul,7,2000
chic,2000-07-04,70,26.69233753,64.5,NA,Summer,186,Jul,7,2000
chic,2000-07-05,76,40.43435335,65,35.76138616,Summer,187,Jul,7,2000
chic,2000-07-06,74,36.87266989,64.2,31.38438967,Summer,188,Jul,7,2000
chic,2000-07-07,70,22.82264886,58,26.38438967,Summer,189,Jul,7,2000
chic,2000-07-08,73,32.08074097,64,52.38438967,Summer,190,Jul,7,2000
chic,2000-07-09,81,35.52728124,70.7,56.38438967,Summer,191,Jul,7,2000
chic,2000-07-10,73,26.56027084,68.3,19.38438967,Summer,192,Jul,7,2000
chic,2000-07-11,69,31.80069194,64,31.90720207,Summer,193,Jul,7,2000
chic,2000-07-12,72,35.7316838,58.1,27.38438967,Summer,194,Jul,7,2000
chic,2000-07-13,75,31.95766375,64.5,40.38438967,Summer,195,Jul,7,2000
chic,2000-07-14,77,31.15510462,63.4,23.38438967,Summer,196,Jul,7,2000
chic,2000-07-15,73,26.04671461,60.1,18.38438967,Summer,197,Jul,7,2000
chic,2000-07-16,73,21.58605558,57.7,20.38438967,Summer,198,Jul,7,2000
chic,2000-07-17,77,21.66152835,63.4,31.03634495,Summer,199,Jul,7,2000
chic,2000-07-18,66,20.17870537,54.3,18.38438967,Summer,200,Jul,7,2000
chic,2000-07-19,63,18.64370665,53.9,14.38438967,Summer,201,Jul,7,2000
chic,2000-07-20,67,16.07889471,56.3,38.38438967,Summer,202,Jul,7,2000
chic,2000-07-21,67,15.32244846,51.1,16.38438967,Summer,203,Jul,7,2000
chic,2000-07-22,63,16.22172454,53.9,17.38438967,Summer,204,Jul,7,2000
chic,2000-07-23,63,16.45859092,49.7,18.2353648,Summer,205,Jul,7,2000
chic,2000-07-24,66,29.20198558,53.6,31.38438967,Summer,206,Jul,7,2000
chic,2000-07-25,69,30.00209278,56.7,45.38438967,Summer,207,Jul,7,2000
chic,2000-07-26,73,34.10427139,60.8,84.38438967,Summer,208,Jul,7,2000
chic,2000-07-27,77,29.94411719,65.8,64.38438967,Summer,209,Jul,7,2000
chic,2000-07-28,74,30.62572529,65.5,28.38438967,Summer,210,Jul,7,2000
chic,2000-07-29,73,47.2368079,65.9,33.28567344,Summer,211,Jul,7,2000
chic,2000-07-30,71,34.43222358,67.1,17.38438967,Summer,212,Jul,7,2000
chic,2000-07-31,70,16.30270128,66.2,22.38438967,Summer,213,Jul,7,2000
chic,2000-08-01,73,16.34410225,67.2,32.38438967,Summer,214,Aug,8,2000
chic,2000-08-02,76,23.91718164,64.6,31.38438967,Summer,215,Aug,8,2000
chic,2000-08-03,63,26.84183978,54.5,4.384389673,Summer,216,Aug,8,2000
chic,2000-08-04,67,22.23155649,53.8,32.20651408,Summer,217,Aug,8,2000
chic,2000-08-05,67,22.18729526,61.3,40.38438967,Summer,218,Aug,8,2000
chic,2000-08-06,78,28.10459982,70.6,36.38438967,Summer,219,Aug,8,2000
chic,2000-08-07,76,17.04524052,66.5,19.38438967,Summer,220,Aug,8,2000
chic,2000-08-08,77,18.42345309,69.4,30.38438967,Summer,221,Aug,8,2000
chic,2000-08-09,79,24.53641506,67,44.38438967,Summer,222,Aug,8,2000
chic,2000-08-10,74,21.5744642,62.3,32.57875985,Summer,223,Aug,8,2000
chic,2000-08-11,71,16.84220096,60.8,26.38438967,Summer,224,Aug,8,2000
chic,2000-08-12,71,22.36516209,61,31.38438967,Summer,225,Aug,8,2000
chic,2000-08-13,74,24.18999127,62.5,26.38438967,Summer,226,Aug,8,2000
chic,2000-08-14,76,28.10542446,67.9,64.38438967,Summer,227,Aug,8,2000
chic,2000-08-15,82,37.07561135,68.8,54.38438967,Summer,228,Aug,8,2000
chic,2000-08-16,70,19.66313932,54.9,22.77349836,Summer,229,Aug,8,2000
chic,2000-08-17,68,20.01577481,62.3,22.38438967,Summer,230,Aug,8,2000
chic,2000-08-18,67,21.4413851,59.5,9.384389673,Summer,231,Aug,8,2000
chic,2000-08-19,64,16.45650814,56,11.38438967,Summer,232,Aug,8,2000
chic,2000-08-20,65,26.16294753,54,8.384389673,Summer,233,Aug,8,2000
chic,2000-08-21,67,27.61323332,56.3,31.38438967,Summer,234,Aug,8,2000
chic,2000-08-22,76,26.68562086,67.6,45.74128339,Summer,235,Aug,8,2000
chic,2000-08-23,76,26.6310616,69,59.38438967,Summer,236,Aug,8,2000
chic,2000-08-24,71,24.90813668,58.5,33.38438967,Summer,237,Aug,8,2000
chic,2000-08-25,70,23.48357266,59,75.38438967,Summer,238,Aug,8,2000
chic,2000-08-26,73,28.77313644,64.6,59.38438967,Summer,239,Aug,8,2000
chic,2000-08-27,72,40.85571129,64.3,16.38438967,Summer,240,Aug,8,2000
chic,2000-08-28,75,29.95944427,64.2,43.34862071,Summer,241,Aug,8,2000
chic,2000-08-29,77,26.55545249,68.7,50.38438967,Summer,242,Aug,8,2000
chic,2000-08-30,77,29.21618997,70.6,66.38438967,Summer,243,Aug,8,2000
chic,2000-08-31,80,34.96121224,68.2,66.38438967,Summer,244,Aug,8,2000
chic,2000-09-01,80,39.31931324,69,66.38438967,Summer,245,Sep,9,2000
chic,2000-09-02,79,36.07028827,67.3,31.38438967,Summer,246,Sep,9,2000
chic,2000-09-03,77,34.75782024,66.8,39.01528738,Summer,247,Sep,9,2000
chic,2000-09-04,66,23.02089384,55.1,2.384389673,Summer,248,Sep,9,2000
chic,2000-09-05,63,27.6445054,45.2,10.38438967,Summer,249,Sep,9,2000
chic,2000-09-06,61,22.12363761,48.4,34.38438967,Summer,250,Sep,9,2000
chic,2000-09-07,74,24.72362241,60.5,65.38438967,Summer,251,Sep,9,2000
chic,2000-09-08,75,12.8678192,66.8,52.38438967,Summer,252,Sep,9,2000
chic,2000-09-09,76,16.78164438,67.4,31.23239061,Summer,253,Sep,9,2000
chic,2000-09-10,78,12.3445309,70.5,21.38438967,Summer,254,Sep,9,2000
chic,2000-09-11,75,17.81011275,67.9,46.38438967,Summer,255,Sep,9,2000
chic,2000-09-12,63,16.11464843,52.9,20.38438967,Summer,256,Sep,9,2000
chic,2000-09-13,63,10.67315497,49.7,61.38438967,Summer,257,Sep,9,2000
chic,2000-09-14,65,17.3526208,52.5,28.38438967,Summer,258,Sep,9,2000
chic,2000-09-15,56,11.54718221,40.1,17.2353648,Summer,259,Sep,9,2000
chic,2000-09-16,56,12.70954375,41,14.38438967,Summer,260,Sep,9,2000
chic,2000-09-17,68,26.63177409,47.7,20.38438967,Summer,261,Sep,9,2000
chic,2000-09-18,69,22.47679522,53.2,79.38438967,Summer,262,Sep,9,2000
chic,2000-09-19,75,37.9996803,51.1,91.38438967,Summer,263,Sep,9,2000
chic,2000-09-20,58,7.855788805,53,17.38438967,Summer,264,Sep,9,2000
chic,2000-09-21,54,13.41372205,40.5,20.56869813,Summer,265,Sep,9,2000
chic,2000-09-22,58,5.689751135,51.3,31.38438967,Summer,266,Sep,9,2000
chic,2000-09-23,63,11.4363514,58.2,11.38438967,Summer,267,Sep,9,2000
chic,2000-09-24,53,21.39974732,46.2,0.384389673,Summer,268,Sep,9,2000
chic,2000-09-25,49,16.24556551,40.2,5.384389673,Summer,269,Sep,9,2000
chic,2000-09-26,56,9.551032675,41.2,33.38438967,Summer,270,Sep,9,2000
chic,2000-09-27,59,14.27348932,46.6,27.35296343,Summer,271,Sep,9,2000
chic,2000-09-28,55,13.93107805,41.1,17.38438967,Summer,272,Sep,9,2000
chic,2000-09-29,61,10.45918217,42.1,56.38438967,Summer,273,Sep,9,2000
chic,2000-09-30,65,23.4869819,48.1,67.38438967,Summer,274,Sep,9,2000
chic,2000-10-01,72,46.52659088,50.7,91.38438967,Autumn,275,Oct,10,2000
chic,2000-10-02,69,28.57540533,53.8,54.38438967,Autumn,276,Oct,10,2000
chic,2000-10-03,59,14.48269852,49.7,35.08091302,Autumn,277,Oct,10,2000
chic,2000-10-04,57,28.23489069,47.1,8.384389673,Autumn,278,Oct,10,2000
chic,2000-10-05,52,16.85348038,48.2,13.38438967,Autumn,279,Oct,10,2000
chic,2000-10-06,41,14.07251829,29.4,6.384389673,Autumn,280,Oct,10,2000
chic,2000-10-07,40,10.91804326,26.7,6.384389673,Autumn,281,Oct,10,2000
chic,2000-10-08,39,12.22977594,26.6,1.384389673,Autumn,282,Oct,10,2000
chic,2000-10-09,44,7.794532015,25.9,23.18195404,Autumn,283,Oct,10,2000
chic,2000-10-10,49,7.666720505,27,33.38438967,Autumn,284,Oct,10,2000
chic,2000-10-11,53,8.985125835,30.2,67.38438967,Autumn,285,Oct,10,2000
chic,2000-10-12,58,19.40841635,36.3,120.3843897,Autumn,286,Oct,10,2000
chic,2000-10-13,66,28.33600858,39.6,125.3843897,Autumn,287,Oct,10,2000
chic,2000-10-14,67,24.58677929,49.3,70.38438967,Autumn,288,Oct,10,2000
chic,2000-10-15,55,16.8445761,47.6,23.87531358,Autumn,289,Oct,10,2000
chic,2000-10-16,51,16.37999939,46.6,37.38438967,Autumn,290,Oct,10,2000
chic,2000-10-17,52,10.8583039,45.5,37.38438967,Autumn,291,Oct,10,2000
chic,2000-10-18,54,9.247537705,45.7,75.38438967,Autumn,292,Oct,10,2000
chic,2000-10-19,62,12.79712805,47.3,57.38438967,Autumn,293,Oct,10,2000
chic,2000-10-20,66,22.31345449,49.1,78.38438967,Autumn,294,Oct,10,2000
chic,2000-10-21,58,20.75399561,50.3,43.89342198,Autumn,295,Oct,10,2000
chic,2000-10-22,59,10.92419002,51.8,40.38438967,Autumn,296,Oct,10,2000
chic,2000-10-23,65,3.186013395,60.5,66.38438967,Autumn,297,Oct,10,2000
chic,2000-10-24,63,9.693399155,60.3,33.38438967,Autumn,298,Oct,10,2000
chic,2000-10-25,62,11.08427068,57.9,36.38438967,Autumn,299,Oct,10,2000
chic,2000-10-26,68,17.36877073,58.3,76.38438967,Autumn,300,Oct,10,2000
chic,2000-10-27,61,14.35881762,53.4,32.20851899,Autumn,301,Oct,10,2000
chic,2000-10-28,50,23.10909633,41.4,3.384389673,Autumn,302,Oct,10,2000
chic,2000-10-29,46,15.55746419,36.8,18.38438967,Autumn,303,Oct,10,2000
chic,2000-10-30,50,10.36920644,32.7,25.38438967,Autumn,304,Oct,10,2000
chic,2000-10-31,59,4.711815845,37.6,43.38438967,Autumn,305,Oct,10,2000
chic,2000-11-01,63,9.088807005,44.6,42.38438967,Autumn,306,Nov,11,2000
chic,2000-11-02,55,7.166705555,48.6,37.14667819,Autumn,307,Nov,11,2000
chic,2000-11-03,48,9.301888855,34.8,21.38438967,Autumn,308,Nov,11,2000
chic,2000-11-04,46,8.187527975,31.4,29.38438967,Autumn,309,Nov,11,2000
chic,2000-11-05,46,15.27086131,31,32.38438967,Autumn,310,Nov,11,2000
chic,2000-11-06,49,20.14005836,38,30.38438967,Autumn,311,Nov,11,2000
chic,2000-11-07,49,5.868687395,41.9,10.38438967,Autumn,312,Nov,11,2000
chic,2000-11-08,40,3.769280155,31.5,21.48856949,Autumn,313,Nov,11,2000
chic,2000-11-09,39,6.469150205,37,6.384389673,Autumn,314,Nov,11,2000
chic,2000-11-10,37,4.840924055,31.6,10.38438967,Autumn,315,Nov,11,2000
chic,2000-11-11,38,6.118088795,32.1,17.38438967,Autumn,316,Nov,11,2000
chic,2000-11-12,45,6.951422125,37.3,10.38438967,Autumn,317,Nov,11,2000
chic,2000-11-13,36,5.082685955,29.7,11.38438967,Autumn,318,Nov,11,2000
chic,2000-11-14,32,7.868088795,26.4,17.2353648,Autumn,319,Nov,11,2000
chic,2000-11-15,31,7.769362565,23.6,31.38438967,Autumn,320,Nov,11,2000
chic,2000-11-16,36,5.388237645,29.2,26.38438967,Autumn,321,Nov,11,2000
chic,2000-11-17,30,10.07642213,20.8,7.384389673,Autumn,322,Nov,11,2000
chic,2000-11-18,27,12.49158479,18.3,29.38438967,Autumn,323,Nov,11,2000
chic,2000-11-19,30,11.9776959,22,17.38438967,Autumn,324,Nov,11,2000
chic,2000-11-20,24,10.90344233,17.9,23.56572395,Autumn,325,Nov,11,2000
chic,2000-11-21,19,11.35962943,8,22.38438967,Autumn,326,Nov,11,2000
chic,2000-11-22,22,6.136742765,11,31.38438967,Autumn,327,Nov,11,2000
chic,2000-11-23,29,5.400631655,17,33.38438967,Autumn,328,Nov,11,2000
chic,2000-11-24,32,5.064278995,19.2,36.38438967,Autumn,329,Nov,11,2000
chic,2000-11-25,38,8.762628465,32.6,30.38438967,Autumn,330,Nov,11,2000
chic,2000-11-26,39,2.499352615,36.6,27.2353648,Autumn,331,Nov,11,2000
chic,2000-11-27,34,2.386742765,30.5,36.38438967,Autumn,332,Nov,11,2000
chic,2000-11-28,34,4.304908175,29.7,25.38438967,Autumn,333,Nov,11,2000
chic,2000-11-29,35,2.665783165,33.1,18.38438967,Autumn,334,Nov,11,2000
chic,2000-11-30,34,7.068797065,30.7,12.38438967,Autumn,335,Nov,11,2000
chic,2000-12-01,34,23.17214034,24.8,3.384389673,Autumn,336,Dec,12,2000
chic,2000-12-02,31,29.71380701,21.6,10.90203146,Autumn,337,Dec,12,2000
chic,2000-12-03,28,7.702443375,19.3,15.38438967,Autumn,338,Dec,12,2000
chic,2000-12-04,32,7.769362565,24,36.38438967,Autumn,339,Dec,12,2000
chic,2000-12-05,21,14.1497202,2.8,11.38438967,Autumn,340,Dec,12,2000
chic,2000-12-06,15,6.441694455,8,18.38438967,Autumn,341,Dec,12,2000
chic,2000-12-07,25,3.159085755,23.5,24.38438967,Autumn,342,Dec,12,2000
chic,2000-12-08,18,8.186647535,11.8,34.06869813,Autumn,343,Dec,12,2000
chic,2000-12-09,16,5.130473675,13.1,41.38438967,Autumn,344,Dec,12,2000
chic,2000-12-10,30,3.936647535,24.8,24.38438967,Autumn,345,Dec,12,2000
chic,2000-12-11,23,17.06253324,21.2,NA,Autumn,346,Dec,12,2000
chic,2000-12-12,4,9.951416865,0.3,NA,Autumn,347,Dec,12,2000
chic,2000-12-13,8,5.999136615,7.9,38.38438967,Autumn,348,Dec,12,2000
chic,2000-12-14,17,4.201960155,17.1,36.7353648,Autumn,349,Dec,12,2000
chic,2000-12-15,17,3.058240345,17.4,41.38438967,Autumn,350,Dec,12,2000
chic,2000-12-16,25,3.463435545,27,13.38438967,Autumn,351,Dec,12,2000
chic,2000-12-17,8,14.34986524,0.6,12.38438967,Autumn,352,Dec,12,2000
chic,2000-12-18,8,5.912365245,3.5,31.38438967,Autumn,353,Dec,12,2000
chic,2000-12-19,14,9.247954585,9.2,24.38438967,Autumn,354,Dec,12,2000
chic,2000-12-20,6,5.620698575,4.7,44.85296343,Autumn,355,Dec,12,2000
chic,2000-12-21,6,12.81544495,0.1,14.38438967,Autumn,356,Dec,12,2000
chic,2000-12-22,-1,8.620698575,-7.1,15.38438967,Autumn,357,Dec,12,2000
chic,2000-12-23,8,6.724865245,5.1,31.38438967,Autumn,358,Dec,12,2000
chic,2000-12-24,5,11.00643076,-1.4,23.38438967,Autumn,359,Dec,12,2000
chic,2000-12-25,5,7.099865245,-1.7,39.38438967,Autumn,360,Dec,12,2000
chic,2000-12-26,11,8.641531915,9.2,30.01461673,Autumn,361,Dec,12,2000
chic,2000-12-27,12,7.403191545,7.6,23.38438967,Autumn,362,Dec,12,2000
chic,2000-12-28,13,9.497954585,9,20.38438967,Autumn,363,Dec,12,2000
chic,2000-12-29,21,14.64153191,16.9,29.38438967,Autumn,364,Dec,12,2000
chic,2000-12-30,27,20.07903191,23,6.384389673,Autumn,365,Dec,12,2000
chic,2000-12-31,16,15.78736524,16.3,7.384389673,Autumn,366,Dec,12,2000
